-- MySQL Script generated by MySQL Workbench
-- Wed Dec 14 11:41:16 2022
-- Model: New Model    Version: 1.0
-- MySQL Workbench Forward Engineering

SET @OLD_UNIQUE_CHECKS=@@UNIQUE_CHECKS, UNIQUE_CHECKS=0;
SET @OLD_FOREIGN_KEY_CHECKS=@@FOREIGN_KEY_CHECKS, FOREIGN_KEY_CHECKS=0;
SET @OLD_SQL_MODE=@@SQL_MODE, SQL_MODE='ONLY_FULL_GROUP_BY,STRICT_TRANS_TABLES,NO_ZERO_IN_DATE,NO_ZERO_DATE,ERROR_FOR_DIVISION_BY_ZERO,NO_ENGINE_SUBSTITUTION';

-- -----------------------------------------------------
-- Schema weber
-- -----------------------------------------------------

-- -----------------------------------------------------
-- Schema weber
-- -----------------------------------------------------
CREATE SCHEMA IF NOT EXISTS `weber` DEFAULT CHARACTER SET utf8 ;
USE `weber` ;

-- -----------------------------------------------------
-- Table `weber`.`departments`
-- -----------------------------------------------------
CREATE TABLE IF NOT EXISTS `weber`.`departments` (
  `id` BIGINT(20) UNSIGNED NOT NULL AUTO_INCREMENT,
  `name` VARCHAR(90) NOT NULL,
  `region` ENUM('Caribe', 'Centro Oriente', 'Centro Sur', 'Eje Cafetero - Antioquia', 'Llano', 'Pacífico') NOT NULL,
  `status` ENUM('Activo', 'Inactivo') NOT NULL DEFAULT 'Activo',
  PRIMARY KEY (`id`),
  UNIQUE INDEX `departamentos_nombre_unique` (`name` ASC) VISIBLE)
ENGINE = InnoDB
AUTO_INCREMENT = 100
DEFAULT CHARACTER SET = utf8;


-- -----------------------------------------------------
-- Table `weber`.`towns`
-- -----------------------------------------------------
CREATE TABLE IF NOT EXISTS `weber`.`towns` (
  `id` BIGINT(20) UNSIGNED NOT NULL AUTO_INCREMENT,
  `name` VARCHAR(90) NOT NULL,
  `department_id` BIGINT(20) UNSIGNED NOT NULL,
  `shortened` VARCHAR(40) NULL DEFAULT NULL,
  `status` ENUM('Activo', 'Inactivo') NOT NULL DEFAULT 'Activo',
  PRIMARY KEY (`id`),
  INDEX `municipios_nombre_index` (`name` ASC) VISIBLE,
  INDEX `municipios_departamento_id_index` (`department_id` ASC) VISIBLE,
  CONSTRAINT `municipios_departamento_id_foreign`
    FOREIGN KEY (`department_id`)
    REFERENCES `weber`.`departments` (`id`))
ENGINE = InnoDB
AUTO_INCREMENT = 99774
DEFAULT CHARACTER SET = utf8
COLLATE = utf8_bin;


-- -----------------------------------------------------
-- Table `weber`.`business`
-- -----------------------------------------------------
CREATE TABLE IF NOT EXISTS `weber`.`business` (
  `id` INT UNSIGNED NOT NULL AUTO_INCREMENT,
  `name` VARCHAR(80) NOT NULL,
  `nit` INT UNSIGNED NOT NULL,
  `status` ENUM('Activo', 'Inactivo') NOT NULL,
  PRIMARY KEY (`id`),
  UNIQUE INDEX `nit_UNIQUE` (`nit` ASC) VISIBLE,
  UNIQUE INDEX `idempresa_UNIQUE` (`id` ASC) VISIBLE)
ENGINE = InnoDB;


-- -----------------------------------------------------
-- Table `weber`.`subsidiary`
-- -----------------------------------------------------
CREATE TABLE IF NOT EXISTS `weber`.`subsidiary` (
  `id` INT UNSIGNED NOT NULL AUTO_INCREMENT,
  `busine_id` INT UNSIGNED NOT NULL,
  `name` VARCHAR(80) NOT NULL,
  `administrator_id` INT UNSIGNED NOT NULL,
  `direction` VARCHAR(80) NOT NULL,
  `town_id` BIGINT(20) UNSIGNED NOT NULL,
  `phone` BIGINT UNSIGNED NOT NULL,
  `type` ENUM('Principal', 'Subsede') NOT NULL,
  `status` ENUM('Activo', 'Inactivo') NOT NULL,
  PRIMARY KEY (`id`),
  INDEX `fk_sucursal_usuarios1_idx` (`administrator_id` ASC) VISIBLE,
  INDEX `fk_sucursal_municipios1_idx` (`town_id` ASC) VISIBLE,
  INDEX `fk_sucursal_empresa1_idx` (`busine_id` ASC) VISIBLE,
  CONSTRAINT `fk_sucursal_usuarios1`
    FOREIGN KEY (`administrator_id`)
    REFERENCES `weber`.`users` (`id`)
    ON DELETE NO ACTION
    ON UPDATE NO ACTION,
  CONSTRAINT `fk_sucursal_municipios1`
    FOREIGN KEY (`town_id`)
    REFERENCES `weber`.`towns` (`id`)
    ON DELETE NO ACTION
    ON UPDATE NO ACTION,
  CONSTRAINT `fk_sucursal_empresa1`
    FOREIGN KEY (`busine_id`)
    REFERENCES `weber`.`business` (`id`)
    ON DELETE NO ACTION
    ON UPDATE NO ACTION)
ENGINE = InnoDB;


-- -----------------------------------------------------
-- Table `weber`.`users`
-- -----------------------------------------------------
CREATE TABLE IF NOT EXISTS `weber`.`users` (
  `id` INT UNSIGNED NOT NULL AUTO_INCREMENT,
  `name` VARCHAR(60) NOT NULL,
  `last_name` VARCHAR(60) NOT NULL,
  `email` VARCHAR(90) NOT NULL,
  `email_verified_at` VARCHAR(45) NULL,
  `password` VARCHAR(256) NULL,
  `photo` VARCHAR(45) NULL,
  `gender` VARCHAR(45) NULL,
  `document_type` ENUM('C.C', 'C.E', 'T.I', 'R.C', 'Pasaporte') NOT NULL,
  `document` BIGINT(20) UNSIGNED NOT NULL,
  `phone` BIGINT(20) UNSIGNED NOT NULL,
  `address` VARCHAR(70) NOT NULL,
  `town_id` BIGINT(20) UNSIGNED NOT NULL,
  `birth_date` DATE NOT NULL,
  `role` ENUM('Administrador', 'Empleado', 'Cliente', 'Proveedor') NOT NULL,
  `subsidiary_id` INT UNSIGNED NOT NULL,
  `status` ENUM('Activo', 'Inactivo') NOT NULL,
  PRIMARY KEY (`id`),
  UNIQUE INDEX `documento_UNIQUE` (`document` ASC) VISIBLE,
  INDEX `fk_usuarios_municipios1_idx` (`town_id` ASC) VISIBLE,
  INDEX `fk_usuarios_sucursal1_idx` (`subsidiary_id` ASC) VISIBLE,
  CONSTRAINT `fk_usuarios_municipios1`
    FOREIGN KEY (`town_id`)
    REFERENCES `weber`.`towns` (`id`)
    ON DELETE NO ACTION
    ON UPDATE NO ACTION,
  CONSTRAINT `fk_usuarios_sucursal1`
    FOREIGN KEY (`subsidiary_id`)
    REFERENCES `weber`.`subsidiary` (`id`)
    ON DELETE NO ACTION
    ON UPDATE NO ACTION)
ENGINE = InnoDB
DEFAULT CHARACTER SET = utf8;


-- -----------------------------------------------------
-- Table `weber`.`invoices`
-- -----------------------------------------------------
CREATE TABLE IF NOT EXISTS `weber`.`invoices` (
  `id` INT(11) UNSIGNED NOT NULL AUTO_INCREMENT,
  `number` VARCHAR(244) NOT NULL,
  `user_id` INT UNSIGNED NOT NULL COMMENT 'Puede ser cliente en caso de venta o proveedor en caso de compra',
  `employee_id` INT UNSIGNED NOT NULL,
  `date` DATETIME NOT NULL,
  `amout` DOUBLE NOT NULL,
  `type` ENUM('Venta', 'Compra') NOT NULL,
  `status` ENUM('En progreso', 'Cancelada', 'Finalizada') NOT NULL,
  PRIMARY KEY (`id`),
  INDEX `fk_ventas_Usuarios1_idx` (`user_id` ASC) VISIBLE,
  INDEX `fk_ventas_Usuarios2_idx` (`employee_id` ASC) VISIBLE,
  CONSTRAINT `fk_ventas_Usuarios1`
    FOREIGN KEY (`user_id`)
    REFERENCES `weber`.`users` (`id`)
    ON DELETE NO ACTION
    ON UPDATE NO ACTION,
  CONSTRAINT `fk_ventas_Usuarios2`
    FOREIGN KEY (`employee_id`)
    REFERENCES `weber`.`users` (`id`)
    ON DELETE NO ACTION
    ON UPDATE NO ACTION)
ENGINE = InnoDB
AUTO_INCREMENT = 94
DEFAULT CHARACTER SET = utf8;


-- -----------------------------------------------------
-- Table `weber`.`products`
-- -----------------------------------------------------
CREATE TABLE IF NOT EXISTS `weber`.`products` (
  `id` INT UNSIGNED NOT NULL AUTO_INCREMENT,
  `name` VARCHAR(60) NOT NULL,
  `price` DECIMAL NOT NULL,
  `gain_percentage` FLOAT UNSIGNED NOT NULL,
  `stock` MEDIUMINT UNSIGNED NOT NULL,
  `status` ENUM('Activo', 'Inactivo') NOT NULL,
  PRIMARY KEY (`id`))
ENGINE = InnoDB
DEFAULT CHARACTER SET = utf8;


-- -----------------------------------------------------
-- Table `weber`.`purchase_invoices`
-- -----------------------------------------------------
CREATE TABLE IF NOT EXISTS `weber`.`purchase_invoices` (
  `id` INT UNSIGNED NOT NULL AUTO_INCREMENT,
  `invoice_id` INT(11) UNSIGNED NOT NULL,
  `producto_id` INT UNSIGNED NOT NULL,
  `batch` INT UNSIGNED NULL,
  `expiration_date` DATE NULL,
  `amount` INT(11) UNSIGNED NOT NULL,
  `price` DOUBLE NOT NULL,
  INDEX `fk_detalle_ventas_ventas1_idx` (`invoice_id` ASC) VISIBLE,
  INDEX `fk_detalle_ventas_productos1_idx` (`producto_id` ASC) VISIBLE,
  PRIMARY KEY (`id`),
  CONSTRAINT `fk_detalle_ventas_ventas1`
    FOREIGN KEY (`invoice_id`)
    REFERENCES `weber`.`invoices` (`id`)
    ON DELETE NO ACTION
    ON UPDATE NO ACTION,
  CONSTRAINT `fk_detalle_ventas_productos1`
    FOREIGN KEY (`producto_id`)
    REFERENCES `weber`.`products` (`id`)
    ON DELETE NO ACTION
    ON UPDATE NO ACTION)
ENGINE = InnoDB
AUTO_INCREMENT = 155
DEFAULT CHARACTER SET = utf8;


-- -----------------------------------------------------
-- Table `weber`.`pictures`
-- -----------------------------------------------------
CREATE TABLE IF NOT EXISTS `weber`.`pictures` (
  `id` INT UNSIGNED NOT NULL AUTO_INCREMENT,
  `name` VARCHAR(60) NULL,
  `description` TEXT NULL,
  `route` VARCHAR(120) NOT NULL,
  PRIMARY KEY (`id`))
ENGINE = InnoDB
DEFAULT CHARACTER SET = utf8;


-- -----------------------------------------------------
-- Table `weber`.`categories`
-- -----------------------------------------------------
CREATE TABLE IF NOT EXISTS `weber`.`categories` (
  `id` INT UNSIGNED NOT NULL AUTO_INCREMENT,
  `name` VARCHAR(80) NOT NULL,
  `description` TEXT NOT NULL,
  `status` ENUM('Activo', 'Ínactivo') NOT NULL,
  PRIMARY KEY (`id`))
ENGINE = InnoDB
DEFAULT CHARACTER SET = utf8;


-- -----------------------------------------------------
-- Table `weber`.`product_category`
-- -----------------------------------------------------
CREATE TABLE IF NOT EXISTS `weber`.`product_category` (
  `product_id` INT UNSIGNED NOT NULL,
  `category_id` INT UNSIGNED NOT NULL,
  INDEX `fk_productos_has_categorias_productos1_idx` (`product_id` ASC) VISIBLE,
  INDEX `fk_productos_has_categorias_categorias1_idx` (`category_id` ASC) VISIBLE,
  CONSTRAINT `fk_productos_has_categorias_productos1`
    FOREIGN KEY (`product_id`)
    REFERENCES `weber`.`products` (`id`)
    ON DELETE NO ACTION
    ON UPDATE NO ACTION,
  CONSTRAINT `fk_productos_has_categorias_categorias1`
    FOREIGN KEY (`category_id`)
    REFERENCES `weber`.`categories` (`id`)
    ON DELETE NO ACTION
    ON UPDATE NO ACTION)
ENGINE = InnoDB
DEFAULT CHARACTER SET = utf8;


-- -----------------------------------------------------
-- Table `weber`.`product_picture`
-- -----------------------------------------------------
CREATE TABLE IF NOT EXISTS `weber`.`product_picture` (
  `id` INT UNSIGNED NOT NULL AUTO_INCREMENT,
  `picture_id` INT UNSIGNED NOT NULL,
  `product_id` INT UNSIGNED NOT NULL,
  `status` ENUM('Activo', 'Inactivo') NOT NULL,
  INDEX `fk_productos_has_fotos_fotos1_idx` (`picture_id` ASC) VISIBLE,
  INDEX `fk_productos_has_fotos_productos1_idx` (`product_id` ASC) VISIBLE,
  PRIMARY KEY (`id`),
  CONSTRAINT `fk_productos_has_fotos_fotos1`
    FOREIGN KEY (`picture_id`)
    REFERENCES `weber`.`pictures` (`id`)
    ON DELETE NO ACTION
    ON UPDATE NO ACTION,
  CONSTRAINT `fk_productos_has_fotos_productos1`
    FOREIGN KEY (`product_id`)
    REFERENCES `weber`.`products` (`id`)
    ON DELETE NO ACTION
    ON UPDATE NO ACTION)
ENGINE = InnoDB
DEFAULT CHARACTER SET = utf8;


-- -----------------------------------------------------
-- Table `weber`.`sales_invoices`
-- -----------------------------------------------------
CREATE TABLE IF NOT EXISTS `weber`.`sales_invoices` (
  `id` INT UNSIGNED NOT NULL AUTO_INCREMENT,
  `amout` INT UNSIGNED NOT NULL,
  `price` DOUBLE UNSIGNED NOT NULL,
  `invoice_id` INT(11) UNSIGNED NOT NULL,
  `purchase_invoice_id` INT UNSIGNED NOT NULL,
  PRIMARY KEY (`id`),
  INDEX `fk_detalle_compra_factura1_idx` (`invoice_id` ASC) VISIBLE,
  INDEX `fk_detalle_compra_detalle_factura1_idx` (`purchase_invoice_id` ASC) VISIBLE,
  CONSTRAINT `fk_detalle_compra_factura1`
    FOREIGN KEY (`invoice_id`)
    REFERENCES `weber`.`invoices` (`id`)
    ON DELETE NO ACTION
    ON UPDATE NO ACTION,
  CONSTRAINT `fk_detalle_compra_detalle_factura1`
    FOREIGN KEY (`purchase_invoice_id`)
    REFERENCES `weber`.`purchase_invoices` (`id`)
    ON DELETE NO ACTION
    ON UPDATE NO ACTION)
ENGINE = InnoDB;


-- -----------------------------------------------------
-- Table `weber`.`returns`
-- -----------------------------------------------------
CREATE TABLE IF NOT EXISTS `weber`.`returns` (
  `id` INT NOT NULL,
  `date` DATE NOT NULL,
  `observations` TEXT NOT NULL,
  `employee_id` INT UNSIGNED NOT NULL,
  `amount` DOUBLE NOT NULL,
  `detail_purchase_id` INT UNSIGNED NOT NULL,
  PRIMARY KEY (`id`),
  INDEX `fk_devoluciones_usuarios1_idx` (`employee_id` ASC) VISIBLE,
  INDEX `fk_devoluciones_detalle_compra1_idx` (`detail_purchase_id` ASC) VISIBLE,
  CONSTRAINT `fk_devoluciones_usuarios1`
    FOREIGN KEY (`employee_id`)
    REFERENCES `weber`.`users` (`id`)
    ON DELETE NO ACTION
    ON UPDATE NO ACTION,
  CONSTRAINT `fk_devoluciones_detalle_compra1`
    FOREIGN KEY (`detail_purchase_id`)
    REFERENCES `weber`.`sales_invoices` (`id`)
    ON DELETE NO ACTION
    ON UPDATE NO ACTION)
ENGINE = InnoDB;


-- -----------------------------------------------------
-- Table `weber`.`menus`
-- -----------------------------------------------------
CREATE TABLE IF NOT EXISTS `weber`.`menus` (
  `id` BIGINT UNSIGNED NOT NULL AUTO_INCREMENT,
  `parent_id` INT UNSIGNED NULL,
  `title` VARCHAR(150) NOT NULL,
  `description` VARCHAR(45) NULL,
  `model` VARCHAR(60) NULL,
  `route` VARCHAR(150) NULL,
  `order` SMALLINT UNSIGNED NOT NULL,
  `icon` VARCHAR(45) NULL,
  `enabled` TINYINT NOT NULL,
  PRIMARY KEY (`id`))
ENGINE = InnoDB;


SET SQL_MODE=@OLD_SQL_MODE;
SET FOREIGN_KEY_CHECKS=@OLD_FOREIGN_KEY_CHECKS;
SET UNIQUE_CHECKS=@OLD_UNIQUE_CHECKS;

-- -----------------------------------------------------
-- Data for table `weber`.`departments`
-- -----------------------------------------------------
START TRANSACTION;
USE `weber`;
INSERT INTO `weber`.`departments` (`id`, `name`, `region`, `status`) VALUES (5, 'ANTIOQUIA', 'Eje Cafetero - Antioquia', 'Activo');
INSERT INTO `weber`.`departments` (`id`, `name`, `region`, `status`) VALUES (8, 'ATLÁNTICO', 'Caribe', 'Activo');
INSERT INTO `weber`.`departments` (`id`, `name`, `region`, `status`) VALUES (11, 'BOGOTÁ. D.C', 'Centro Oriente', 'Activo');
INSERT INTO `weber`.`departments` (`id`, `name`, `region`, `status`) VALUES (13, 'BOLÍVAR', 'Caribe', 'Activo');
INSERT INTO `weber`.`departments` (`id`, `name`, `region`, `status`) VALUES (15, 'BOYACÁ', 'Centro Oriente', 'Activo');
INSERT INTO `weber`.`departments` (`id`, `name`, `region`, `status`) VALUES (17, 'CALDAS', 'Eje Cafetero - Antioquia', 'Activo');
INSERT INTO `weber`.`departments` (`id`, `name`, `region`, `status`) VALUES (18, 'CAQUETÁ', 'Centro Sur', 'Activo');
INSERT INTO `weber`.`departments` (`id`, `name`, `region`, `status`) VALUES (19, 'CAUCA', 'Pacífico', 'Activo');
INSERT INTO `weber`.`departments` (`id`, `name`, `region`, `status`) VALUES (20, 'CESAR', 'Caribe', 'Activo');
INSERT INTO `weber`.`departments` (`id`, `name`, `region`, `status`) VALUES (23, 'CÓRDOBA', 'Caribe', 'Activo');
INSERT INTO `weber`.`departments` (`id`, `name`, `region`, `status`) VALUES (25, 'CUNDINAMARCA', 'Centro Oriente', 'Activo');
INSERT INTO `weber`.`departments` (`id`, `name`, `region`, `status`) VALUES (27, 'CHOCÓ', 'Pacífico', 'Activo');
INSERT INTO `weber`.`departments` (`id`, `name`, `region`, `status`) VALUES (41, 'HUILA', 'Centro Sur', 'Activo');
INSERT INTO `weber`.`departments` (`id`, `name`, `region`, `status`) VALUES (44, 'LA GUAJIRA', 'Caribe', 'Activo');
INSERT INTO `weber`.`departments` (`id`, `name`, `region`, `status`) VALUES (47, 'MAGDALENA', 'Caribe', 'Activo');
INSERT INTO `weber`.`departments` (`id`, `name`, `region`, `status`) VALUES (50, 'META', 'Llano', 'Activo');
INSERT INTO `weber`.`departments` (`id`, `name`, `region`, `status`) VALUES (52, 'NARIÑO', 'Pacífico', 'Activo');
INSERT INTO `weber`.`departments` (`id`, `name`, `region`, `status`) VALUES (54, 'NORTE DE SANTANDER', 'Centro Oriente', 'Activo');
INSERT INTO `weber`.`departments` (`id`, `name`, `region`, `status`) VALUES (63, 'QUINDIO', 'Eje Cafetero - Antioquia', 'Activo');
INSERT INTO `weber`.`departments` (`id`, `name`, `region`, `status`) VALUES (66, 'RISARALDA', 'Eje Cafetero - Antioquia', 'Activo');
INSERT INTO `weber`.`departments` (`id`, `name`, `region`, `status`) VALUES (68, 'SANTANDER', 'Centro Oriente', 'Activo');
INSERT INTO `weber`.`departments` (`id`, `name`, `region`, `status`) VALUES (70, 'SUCRE', 'Caribe', 'Activo');
INSERT INTO `weber`.`departments` (`id`, `name`, `region`, `status`) VALUES (73, 'TOLIMA', 'Centro Sur', 'Activo');
INSERT INTO `weber`.`departments` (`id`, `name`, `region`, `status`) VALUES (76, 'VALLE DEL CAUCA', 'Pacífico', 'Activo');
INSERT INTO `weber`.`departments` (`id`, `name`, `region`, `status`) VALUES (81, 'ARAUCA', 'Llano', 'Activo');
INSERT INTO `weber`.`departments` (`id`, `name`, `region`, `status`) VALUES (85, 'CASANARE', 'Llano', 'Activo');
INSERT INTO `weber`.`departments` (`id`, `name`, `region`, `status`) VALUES (86, 'PUTUMAYO', 'Centro Sur', 'Activo');
INSERT INTO `weber`.`departments` (`id`, `name`, `region`, `status`) VALUES (88, 'ARCHIPIÉLAGO DE SAN ANDRÉS, PROVIDENCIA Y SANTA CATALINA', 'Caribe', 'Activo');
INSERT INTO `weber`.`departments` (`id`, `name`, `region`, `status`) VALUES (91, 'AMAZONAS', 'Centro Sur', 'Activo');
INSERT INTO `weber`.`departments` (`id`, `name`, `region`, `status`) VALUES (94, 'GUAINÁ', 'Llano', 'Activo');
INSERT INTO `weber`.`departments` (`id`, `name`, `region`, `status`) VALUES (95, 'GUAVIARE', 'Llano', 'Activo');
INSERT INTO `weber`.`departments` (`id`, `name`, `region`, `status`) VALUES (97, 'VAUPÉS', 'Llano', 'Activo');
INSERT INTO `weber`.`departments` (`id`, `name`, `region`, `status`) VALUES (99, 'VICHADA', 'Llano', 'Activo');

COMMIT;


-- -----------------------------------------------------
-- Data for table `weber`.`towns`
-- -----------------------------------------------------
START TRANSACTION;
USE `weber`;
INSERT INTO `weber`.`towns` (`id`, `name`, `department_id`, `shortened`, `status`) VALUES (5001, 'Medellín', 5, NULL, 'Activo');
INSERT INTO `weber`.`towns` (`id`, `name`, `department_id`, `shortened`, `status`) VALUES (5002, 'Abejorral', 5, NULL, 'Activo');
INSERT INTO `weber`.`towns` (`id`, `name`, `department_id`, `shortened`, `status`) VALUES (5004, 'Abriaquí', 5, NULL, 'Activo');
INSERT INTO `weber`.`towns` (`id`, `name`, `department_id`, `shortened`, `status`) VALUES (5021, 'Alejandría', 5, NULL, 'Activo');
INSERT INTO `weber`.`towns` (`id`, `name`, `department_id`, `shortened`, `status`) VALUES (5030, 'Amagá', 5, NULL, 'Activo');
INSERT INTO `weber`.`towns` (`id`, `name`, `department_id`, `shortened`, `status`) VALUES (5031, 'Amalfi', 5, NULL, 'Activo');
INSERT INTO `weber`.`towns` (`id`, `name`, `department_id`, `shortened`, `status`) VALUES (5034, 'Andes', 5, NULL, 'Activo');
INSERT INTO `weber`.`towns` (`id`, `name`, `department_id`, `shortened`, `status`) VALUES (5036, 'Angelópolis', 5, NULL, 'Activo');
INSERT INTO `weber`.`towns` (`id`, `name`, `department_id`, `shortened`, `status`) VALUES (5038, 'Angostura', 5, NULL, 'Activo');
INSERT INTO `weber`.`towns` (`id`, `name`, `department_id`, `shortened`, `status`) VALUES (5040, 'Anorí', 5, NULL, 'Activo');
INSERT INTO `weber`.`towns` (`id`, `name`, `department_id`, `shortened`, `status`) VALUES (5042, 'Santafé de Antioquia', 5, NULL, 'Activo');
INSERT INTO `weber`.`towns` (`id`, `name`, `department_id`, `shortened`, `status`) VALUES (5044, 'Anza', 5, NULL, 'Activo');
INSERT INTO `weber`.`towns` (`id`, `name`, `department_id`, `shortened`, `status`) VALUES (5045, 'Apartadó', 5, NULL, 'Activo');
INSERT INTO `weber`.`towns` (`id`, `name`, `department_id`, `shortened`, `status`) VALUES (5051, 'Arboletes', 5, NULL, 'Activo');
INSERT INTO `weber`.`towns` (`id`, `name`, `department_id`, `shortened`, `status`) VALUES (5055, 'Argelia', 5, NULL, 'Activo');
INSERT INTO `weber`.`towns` (`id`, `name`, `department_id`, `shortened`, `status`) VALUES (5059, 'Armenia', 5, NULL, 'Activo');
INSERT INTO `weber`.`towns` (`id`, `name`, `department_id`, `shortened`, `status`) VALUES (5079, 'Barbosa', 5, NULL, 'Activo');
INSERT INTO `weber`.`towns` (`id`, `name`, `department_id`, `shortened`, `status`) VALUES (5086, 'Belmira', 5, NULL, 'Activo');
INSERT INTO `weber`.`towns` (`id`, `name`, `department_id`, `shortened`, `status`) VALUES (5088, 'Bello', 5, NULL, 'Activo');
INSERT INTO `weber`.`towns` (`id`, `name`, `department_id`, `shortened`, `status`) VALUES (5091, 'Betania', 5, NULL, 'Activo');
INSERT INTO `weber`.`towns` (`id`, `name`, `department_id`, `shortened`, `status`) VALUES (5093, 'Betulia', 5, NULL, 'Activo');
INSERT INTO `weber`.`towns` (`id`, `name`, `department_id`, `shortened`, `status`) VALUES (5101, 'Ciudad Bolívar', 5, NULL, 'Activo');
INSERT INTO `weber`.`towns` (`id`, `name`, `department_id`, `shortened`, `status`) VALUES (5107, 'Briceño', 5, NULL, 'Activo');
INSERT INTO `weber`.`towns` (`id`, `name`, `department_id`, `shortened`, `status`) VALUES (5113, 'Buriticá', 5, NULL, 'Activo');
INSERT INTO `weber`.`towns` (`id`, `name`, `department_id`, `shortened`, `status`) VALUES (5120, 'Cáceres', 5, NULL, 'Activo');
INSERT INTO `weber`.`towns` (`id`, `name`, `department_id`, `shortened`, `status`) VALUES (5125, 'Caicedo', 5, NULL, 'Activo');
INSERT INTO `weber`.`towns` (`id`, `name`, `department_id`, `shortened`, `status`) VALUES (5129, 'Caldas', 5, NULL, 'Activo');
INSERT INTO `weber`.`towns` (`id`, `name`, `department_id`, `shortened`, `status`) VALUES (5134, 'Campamento', 5, NULL, 'Activo');
INSERT INTO `weber`.`towns` (`id`, `name`, `department_id`, `shortened`, `status`) VALUES (5138, 'Cañasgordas', 5, NULL, 'Activo');
INSERT INTO `weber`.`towns` (`id`, `name`, `department_id`, `shortened`, `status`) VALUES (5142, 'Caracolí', 5, NULL, 'Activo');
INSERT INTO `weber`.`towns` (`id`, `name`, `department_id`, `shortened`, `status`) VALUES (5145, 'Caramanta', 5, NULL, 'Activo');
INSERT INTO `weber`.`towns` (`id`, `name`, `department_id`, `shortened`, `status`) VALUES (5147, 'Carepa', 5, NULL, 'Activo');
INSERT INTO `weber`.`towns` (`id`, `name`, `department_id`, `shortened`, `status`) VALUES (5148, 'El Carmen de Viboral', 5, NULL, 'Activo');
INSERT INTO `weber`.`towns` (`id`, `name`, `department_id`, `shortened`, `status`) VALUES (5150, 'Carolina', 5, NULL, 'Activo');
INSERT INTO `weber`.`towns` (`id`, `name`, `department_id`, `shortened`, `status`) VALUES (5154, 'Caucasia', 5, NULL, 'Activo');
INSERT INTO `weber`.`towns` (`id`, `name`, `department_id`, `shortened`, `status`) VALUES (5172, 'Chigorodó', 5, NULL, 'Activo');
INSERT INTO `weber`.`towns` (`id`, `name`, `department_id`, `shortened`, `status`) VALUES (5190, 'Cisneros', 5, NULL, 'Activo');
INSERT INTO `weber`.`towns` (`id`, `name`, `department_id`, `shortened`, `status`) VALUES (5197, 'Cocorná', 5, NULL, 'Activo');
INSERT INTO `weber`.`towns` (`id`, `name`, `department_id`, `shortened`, `status`) VALUES (5206, 'Concepción', 5, NULL, 'Activo');
INSERT INTO `weber`.`towns` (`id`, `name`, `department_id`, `shortened`, `status`) VALUES (5209, 'Concordia', 5, NULL, 'Activo');
INSERT INTO `weber`.`towns` (`id`, `name`, `department_id`, `shortened`, `status`) VALUES (5212, 'Copacabana', 5, NULL, 'Activo');
INSERT INTO `weber`.`towns` (`id`, `name`, `department_id`, `shortened`, `status`) VALUES (5234, 'Dabeiba', 5, NULL, 'Activo');
INSERT INTO `weber`.`towns` (`id`, `name`, `department_id`, `shortened`, `status`) VALUES (5237, 'Don Matías', 5, NULL, 'Activo');
INSERT INTO `weber`.`towns` (`id`, `name`, `department_id`, `shortened`, `status`) VALUES (5240, 'Ebéjico', 5, NULL, 'Activo');
INSERT INTO `weber`.`towns` (`id`, `name`, `department_id`, `shortened`, `status`) VALUES (5250, 'El Bagre', 5, NULL, 'Activo');
INSERT INTO `weber`.`towns` (`id`, `name`, `department_id`, `shortened`, `status`) VALUES (5264, 'Entrerrios', 5, NULL, 'Activo');
INSERT INTO `weber`.`towns` (`id`, `name`, `department_id`, `shortened`, `status`) VALUES (5266, 'Envigado', 5, NULL, 'Activo');
INSERT INTO `weber`.`towns` (`id`, `name`, `department_id`, `shortened`, `status`) VALUES (5282, 'Fredonia', 5, NULL, 'Activo');
INSERT INTO `weber`.`towns` (`id`, `name`, `department_id`, `shortened`, `status`) VALUES (5284, 'Frontino', 5, NULL, 'Activo');
INSERT INTO `weber`.`towns` (`id`, `name`, `department_id`, `shortened`, `status`) VALUES (5306, 'Giraldo', 5, NULL, 'Activo');
INSERT INTO `weber`.`towns` (`id`, `name`, `department_id`, `shortened`, `status`) VALUES (5308, 'Girardota', 5, NULL, 'Activo');
INSERT INTO `weber`.`towns` (`id`, `name`, `department_id`, `shortened`, `status`) VALUES (5310, 'Gómez Plata', 5, NULL, 'Activo');
INSERT INTO `weber`.`towns` (`id`, `name`, `department_id`, `shortened`, `status`) VALUES (5313, 'Granada', 5, NULL, 'Activo');
INSERT INTO `weber`.`towns` (`id`, `name`, `department_id`, `shortened`, `status`) VALUES (5315, 'Guadalupe', 5, NULL, 'Activo');
INSERT INTO `weber`.`towns` (`id`, `name`, `department_id`, `shortened`, `status`) VALUES (5318, 'Guarne', 5, NULL, 'Activo');
INSERT INTO `weber`.`towns` (`id`, `name`, `department_id`, `shortened`, `status`) VALUES (5321, 'Guatapé', 5, NULL, 'Activo');
INSERT INTO `weber`.`towns` (`id`, `name`, `department_id`, `shortened`, `status`) VALUES (5347, 'Heliconia', 5, NULL, 'Activo');
INSERT INTO `weber`.`towns` (`id`, `name`, `department_id`, `shortened`, `status`) VALUES (5353, 'Hispania', 5, NULL, 'Activo');
INSERT INTO `weber`.`towns` (`id`, `name`, `department_id`, `shortened`, `status`) VALUES (5360, 'Itagui', 5, NULL, 'Activo');
INSERT INTO `weber`.`towns` (`id`, `name`, `department_id`, `shortened`, `status`) VALUES (5361, 'Ituango', 5, NULL, 'Activo');
INSERT INTO `weber`.`towns` (`id`, `name`, `department_id`, `shortened`, `status`) VALUES (5364, 'Jardín', 5, NULL, 'Activo');
INSERT INTO `weber`.`towns` (`id`, `name`, `department_id`, `shortened`, `status`) VALUES (5368, 'Jericó', 5, NULL, 'Activo');
INSERT INTO `weber`.`towns` (`id`, `name`, `department_id`, `shortened`, `status`) VALUES (5376, 'La Ceja', 5, NULL, 'Activo');
INSERT INTO `weber`.`towns` (`id`, `name`, `department_id`, `shortened`, `status`) VALUES (5380, 'La Estrella', 5, NULL, 'Activo');
INSERT INTO `weber`.`towns` (`id`, `name`, `department_id`, `shortened`, `status`) VALUES (5390, 'La Pintada', 5, NULL, 'Activo');
INSERT INTO `weber`.`towns` (`id`, `name`, `department_id`, `shortened`, `status`) VALUES (5400, 'La Unión', 5, NULL, 'Activo');
INSERT INTO `weber`.`towns` (`id`, `name`, `department_id`, `shortened`, `status`) VALUES (5411, 'Liborina', 5, NULL, 'Activo');
INSERT INTO `weber`.`towns` (`id`, `name`, `department_id`, `shortened`, `status`) VALUES (5425, 'Maceo', 5, NULL, 'Activo');
INSERT INTO `weber`.`towns` (`id`, `name`, `department_id`, `shortened`, `status`) VALUES (5440, 'Marinilla', 5, NULL, 'Activo');
INSERT INTO `weber`.`towns` (`id`, `name`, `department_id`, `shortened`, `status`) VALUES (5467, 'Montebello', 5, NULL, 'Activo');
INSERT INTO `weber`.`towns` (`id`, `name`, `department_id`, `shortened`, `status`) VALUES (5475, 'Murindó', 5, NULL, 'Activo');
INSERT INTO `weber`.`towns` (`id`, `name`, `department_id`, `shortened`, `status`) VALUES (5480, 'Mutatá', 5, NULL, 'Activo');
INSERT INTO `weber`.`towns` (`id`, `name`, `department_id`, `shortened`, `status`) VALUES (5483, 'Nariño', 5, NULL, 'Activo');
INSERT INTO `weber`.`towns` (`id`, `name`, `department_id`, `shortened`, `status`) VALUES (5490, 'Necoclí', 5, NULL, 'Activo');
INSERT INTO `weber`.`towns` (`id`, `name`, `department_id`, `shortened`, `status`) VALUES (5495, 'Nechí', 5, NULL, 'Activo');
INSERT INTO `weber`.`towns` (`id`, `name`, `department_id`, `shortened`, `status`) VALUES (5501, 'Olaya', 5, NULL, 'Activo');
INSERT INTO `weber`.`towns` (`id`, `name`, `department_id`, `shortened`, `status`) VALUES (5541, 'Peñol', 5, NULL, 'Activo');
INSERT INTO `weber`.`towns` (`id`, `name`, `department_id`, `shortened`, `status`) VALUES (5543, 'Peque', 5, NULL, 'Activo');
INSERT INTO `weber`.`towns` (`id`, `name`, `department_id`, `shortened`, `status`) VALUES (5576, 'Pueblorrico', 5, NULL, 'Activo');
INSERT INTO `weber`.`towns` (`id`, `name`, `department_id`, `shortened`, `status`) VALUES (5579, 'Puerto Berrío', 5, NULL, 'Activo');
INSERT INTO `weber`.`towns` (`id`, `name`, `department_id`, `shortened`, `status`) VALUES (5585, 'Puerto Nare', 5, NULL, 'Activo');
INSERT INTO `weber`.`towns` (`id`, `name`, `department_id`, `shortened`, `status`) VALUES (5591, 'Puerto Triunfo', 5, NULL, 'Activo');
INSERT INTO `weber`.`towns` (`id`, `name`, `department_id`, `shortened`, `status`) VALUES (5604, 'Remedios', 5, NULL, 'Activo');
INSERT INTO `weber`.`towns` (`id`, `name`, `department_id`, `shortened`, `status`) VALUES (5607, 'Retiro', 5, NULL, 'Activo');
INSERT INTO `weber`.`towns` (`id`, `name`, `department_id`, `shortened`, `status`) VALUES (5615, 'Rionegro', 5, NULL, 'Activo');
INSERT INTO `weber`.`towns` (`id`, `name`, `department_id`, `shortened`, `status`) VALUES (5628, 'Sabanalarga', 5, NULL, 'Activo');
INSERT INTO `weber`.`towns` (`id`, `name`, `department_id`, `shortened`, `status`) VALUES (5631, 'Sabaneta', 5, NULL, 'Activo');
INSERT INTO `weber`.`towns` (`id`, `name`, `department_id`, `shortened`, `status`) VALUES (5642, 'Salgar', 5, NULL, 'Activo');
INSERT INTO `weber`.`towns` (`id`, `name`, `department_id`, `shortened`, `status`) VALUES (5647, 'San Andrés de Cuerquía', 5, NULL, 'Activo');
INSERT INTO `weber`.`towns` (`id`, `name`, `department_id`, `shortened`, `status`) VALUES (5649, 'San Carlos', 5, NULL, 'Activo');
INSERT INTO `weber`.`towns` (`id`, `name`, `department_id`, `shortened`, `status`) VALUES (5652, 'San Francisco', 5, NULL, 'Activo');
INSERT INTO `weber`.`towns` (`id`, `name`, `department_id`, `shortened`, `status`) VALUES (5656, 'San Jerónimo', 5, NULL, 'Activo');
INSERT INTO `weber`.`towns` (`id`, `name`, `department_id`, `shortened`, `status`) VALUES (5658, 'San José de La Montaña', 5, NULL, 'Activo');
INSERT INTO `weber`.`towns` (`id`, `name`, `department_id`, `shortened`, `status`) VALUES (5659, 'San Juan de Urabá', 5, NULL, 'Activo');
INSERT INTO `weber`.`towns` (`id`, `name`, `department_id`, `shortened`, `status`) VALUES (5660, 'San Luis', 5, NULL, 'Activo');
INSERT INTO `weber`.`towns` (`id`, `name`, `department_id`, `shortened`, `status`) VALUES (5664, 'San Pedro', 5, NULL, 'Activo');
INSERT INTO `weber`.`towns` (`id`, `name`, `department_id`, `shortened`, `status`) VALUES (5665, 'San Pedro de Uraba', 5, NULL, 'Activo');
INSERT INTO `weber`.`towns` (`id`, `name`, `department_id`, `shortened`, `status`) VALUES (5667, 'San Rafael', 5, NULL, 'Activo');
INSERT INTO `weber`.`towns` (`id`, `name`, `department_id`, `shortened`, `status`) VALUES (5670, 'San Roque', 5, NULL, 'Activo');
INSERT INTO `weber`.`towns` (`id`, `name`, `department_id`, `shortened`, `status`) VALUES (5674, 'San Vicente', 5, NULL, 'Activo');
INSERT INTO `weber`.`towns` (`id`, `name`, `department_id`, `shortened`, `status`) VALUES (5679, 'Santa Bárbara', 5, NULL, 'Activo');
INSERT INTO `weber`.`towns` (`id`, `name`, `department_id`, `shortened`, `status`) VALUES (5686, 'Santa Rosa de Osos', 5, NULL, 'Activo');
INSERT INTO `weber`.`towns` (`id`, `name`, `department_id`, `shortened`, `status`) VALUES (5690, 'Santo Domingo', 5, NULL, 'Activo');
INSERT INTO `weber`.`towns` (`id`, `name`, `department_id`, `shortened`, `status`) VALUES (5697, 'El Santuario', 5, NULL, 'Activo');
INSERT INTO `weber`.`towns` (`id`, `name`, `department_id`, `shortened`, `status`) VALUES (5736, 'Segovia', 5, NULL, 'Activo');
INSERT INTO `weber`.`towns` (`id`, `name`, `department_id`, `shortened`, `status`) VALUES (5756, 'Sonsón', 5, NULL, 'Activo');
INSERT INTO `weber`.`towns` (`id`, `name`, `department_id`, `shortened`, `status`) VALUES (5761, 'Sopetrán', 5, NULL, 'Activo');
INSERT INTO `weber`.`towns` (`id`, `name`, `department_id`, `shortened`, `status`) VALUES (5789, 'Támesis', 5, NULL, 'Activo');
INSERT INTO `weber`.`towns` (`id`, `name`, `department_id`, `shortened`, `status`) VALUES (5790, 'Tarazá', 5, NULL, 'Activo');
INSERT INTO `weber`.`towns` (`id`, `name`, `department_id`, `shortened`, `status`) VALUES (5792, 'Tarso', 5, NULL, 'Activo');
INSERT INTO `weber`.`towns` (`id`, `name`, `department_id`, `shortened`, `status`) VALUES (5809, 'Titiribí', 5, NULL, 'Activo');
INSERT INTO `weber`.`towns` (`id`, `name`, `department_id`, `shortened`, `status`) VALUES (5819, 'Toledo', 5, NULL, 'Activo');
INSERT INTO `weber`.`towns` (`id`, `name`, `department_id`, `shortened`, `status`) VALUES (5837, 'Turbo', 5, NULL, 'Activo');
INSERT INTO `weber`.`towns` (`id`, `name`, `department_id`, `shortened`, `status`) VALUES (5842, 'Uramita', 5, NULL, 'Activo');
INSERT INTO `weber`.`towns` (`id`, `name`, `department_id`, `shortened`, `status`) VALUES (5847, 'Urrao', 5, NULL, 'Activo');
INSERT INTO `weber`.`towns` (`id`, `name`, `department_id`, `shortened`, `status`) VALUES (5854, 'Valdivia', 5, NULL, 'Activo');
INSERT INTO `weber`.`towns` (`id`, `name`, `department_id`, `shortened`, `status`) VALUES (5856, 'Valparaíso', 5, NULL, 'Activo');
INSERT INTO `weber`.`towns` (`id`, `name`, `department_id`, `shortened`, `status`) VALUES (5858, 'Vegachí', 5, NULL, 'Activo');
INSERT INTO `weber`.`towns` (`id`, `name`, `department_id`, `shortened`, `status`) VALUES (5861, 'Venecia', 5, NULL, 'Activo');
INSERT INTO `weber`.`towns` (`id`, `name`, `department_id`, `shortened`, `status`) VALUES (5873, 'Vigía del Fuerte', 5, NULL, 'Activo');
INSERT INTO `weber`.`towns` (`id`, `name`, `department_id`, `shortened`, `status`) VALUES (5885, 'Yalí', 5, NULL, 'Activo');
INSERT INTO `weber`.`towns` (`id`, `name`, `department_id`, `shortened`, `status`) VALUES (5887, 'Yarumal', 5, NULL, 'Activo');
INSERT INTO `weber`.`towns` (`id`, `name`, `department_id`, `shortened`, `status`) VALUES (5890, 'Yolombó', 5, NULL, 'Activo');
INSERT INTO `weber`.`towns` (`id`, `name`, `department_id`, `shortened`, `status`) VALUES (5893, 'Yondó', 5, NULL, 'Activo');
INSERT INTO `weber`.`towns` (`id`, `name`, `department_id`, `shortened`, `status`) VALUES (5895, 'Zaragoza', 5, NULL, 'Activo');
INSERT INTO `weber`.`towns` (`id`, `name`, `department_id`, `shortened`, `status`) VALUES (8001, 'Barranquilla', 8, NULL, 'Activo');
INSERT INTO `weber`.`towns` (`id`, `name`, `department_id`, `shortened`, `status`) VALUES (8078, 'Baranoa', 8, NULL, 'Activo');
INSERT INTO `weber`.`towns` (`id`, `name`, `department_id`, `shortened`, `status`) VALUES (8137, 'Campo de La Cruz', 8, NULL, 'Activo');
INSERT INTO `weber`.`towns` (`id`, `name`, `department_id`, `shortened`, `status`) VALUES (8141, 'Candelaria', 8, NULL, 'Activo');
INSERT INTO `weber`.`towns` (`id`, `name`, `department_id`, `shortened`, `status`) VALUES (8296, 'Galapa', 8, NULL, 'Activo');
INSERT INTO `weber`.`towns` (`id`, `name`, `department_id`, `shortened`, `status`) VALUES (8372, 'Juan de Acosta', 8, NULL, 'Activo');
INSERT INTO `weber`.`towns` (`id`, `name`, `department_id`, `shortened`, `status`) VALUES (8421, 'Luruaco', 8, NULL, 'Activo');
INSERT INTO `weber`.`towns` (`id`, `name`, `department_id`, `shortened`, `status`) VALUES (8433, 'Malambo', 8, NULL, 'Activo');
INSERT INTO `weber`.`towns` (`id`, `name`, `department_id`, `shortened`, `status`) VALUES (8436, 'Manatí', 8, NULL, 'Activo');
INSERT INTO `weber`.`towns` (`id`, `name`, `department_id`, `shortened`, `status`) VALUES (8520, 'Palmar de Varela', 8, NULL, 'Activo');
INSERT INTO `weber`.`towns` (`id`, `name`, `department_id`, `shortened`, `status`) VALUES (8549, 'Piojó', 8, NULL, 'Activo');
INSERT INTO `weber`.`towns` (`id`, `name`, `department_id`, `shortened`, `status`) VALUES (8558, 'Polonuevo', 8, NULL, 'Activo');
INSERT INTO `weber`.`towns` (`id`, `name`, `department_id`, `shortened`, `status`) VALUES (8560, 'Ponedera', 8, NULL, 'Activo');
INSERT INTO `weber`.`towns` (`id`, `name`, `department_id`, `shortened`, `status`) VALUES (8573, 'Puerto Colombia', 8, NULL, 'Activo');
INSERT INTO `weber`.`towns` (`id`, `name`, `department_id`, `shortened`, `status`) VALUES (8606, 'Repelón', 8, NULL, 'Activo');
INSERT INTO `weber`.`towns` (`id`, `name`, `department_id`, `shortened`, `status`) VALUES (8634, 'Sabanagrande', 8, NULL, 'Activo');
INSERT INTO `weber`.`towns` (`id`, `name`, `department_id`, `shortened`, `status`) VALUES (8638, 'Sabanalarga', 8, NULL, 'Activo');
INSERT INTO `weber`.`towns` (`id`, `name`, `department_id`, `shortened`, `status`) VALUES (8675, 'Santa Lucía', 8, NULL, 'Activo');
INSERT INTO `weber`.`towns` (`id`, `name`, `department_id`, `shortened`, `status`) VALUES (8685, 'Santo Tomás', 8, NULL, 'Activo');
INSERT INTO `weber`.`towns` (`id`, `name`, `department_id`, `shortened`, `status`) VALUES (8758, 'Soledad', 8, NULL, 'Activo');
INSERT INTO `weber`.`towns` (`id`, `name`, `department_id`, `shortened`, `status`) VALUES (8770, 'Suan', 8, NULL, 'Activo');
INSERT INTO `weber`.`towns` (`id`, `name`, `department_id`, `shortened`, `status`) VALUES (8832, 'Tubará', 8, NULL, 'Activo');
INSERT INTO `weber`.`towns` (`id`, `name`, `department_id`, `shortened`, `status`) VALUES (8849, 'Usiacurí', 8, NULL, 'Activo');
INSERT INTO `weber`.`towns` (`id`, `name`, `department_id`, `shortened`, `status`) VALUES (11001, 'Bogotá D.C', 11, NULL, 'Activo');
INSERT INTO `weber`.`towns` (`id`, `name`, `department_id`, `shortened`, `status`) VALUES (13001, 'Cartagena', 13, NULL, 'Activo');
INSERT INTO `weber`.`towns` (`id`, `name`, `department_id`, `shortened`, `status`) VALUES (13006, 'Achí', 13, NULL, 'Activo');
INSERT INTO `weber`.`towns` (`id`, `name`, `department_id`, `shortened`, `status`) VALUES (13030, 'Altos del Rosario', 13, NULL, 'Activo');
INSERT INTO `weber`.`towns` (`id`, `name`, `department_id`, `shortened`, `status`) VALUES (13042, 'Arenal', 13, NULL, 'Activo');
INSERT INTO `weber`.`towns` (`id`, `name`, `department_id`, `shortened`, `status`) VALUES (13052, 'Arjona', 13, NULL, 'Activo');
INSERT INTO `weber`.`towns` (`id`, `name`, `department_id`, `shortened`, `status`) VALUES (13062, 'Arroyohondo', 13, NULL, 'Activo');
INSERT INTO `weber`.`towns` (`id`, `name`, `department_id`, `shortened`, `status`) VALUES (13074, 'Barranco de Loba', 13, NULL, 'Activo');
INSERT INTO `weber`.`towns` (`id`, `name`, `department_id`, `shortened`, `status`) VALUES (13140, 'Calamar', 13, NULL, 'Activo');
INSERT INTO `weber`.`towns` (`id`, `name`, `department_id`, `shortened`, `status`) VALUES (13160, 'Cantagallo', 13, NULL, 'Activo');
INSERT INTO `weber`.`towns` (`id`, `name`, `department_id`, `shortened`, `status`) VALUES (13188, 'Cicuco', 13, NULL, 'Activo');
INSERT INTO `weber`.`towns` (`id`, `name`, `department_id`, `shortened`, `status`) VALUES (13212, 'Córdoba', 13, NULL, 'Activo');
INSERT INTO `weber`.`towns` (`id`, `name`, `department_id`, `shortened`, `status`) VALUES (13222, 'Clemencia', 13, NULL, 'Activo');
INSERT INTO `weber`.`towns` (`id`, `name`, `department_id`, `shortened`, `status`) VALUES (13244, 'El Carmen de Bolívar', 13, NULL, 'Activo');
INSERT INTO `weber`.`towns` (`id`, `name`, `department_id`, `shortened`, `status`) VALUES (13248, 'El Guamo', 13, NULL, 'Activo');
INSERT INTO `weber`.`towns` (`id`, `name`, `department_id`, `shortened`, `status`) VALUES (13268, 'El Peñón', 13, NULL, 'Activo');
INSERT INTO `weber`.`towns` (`id`, `name`, `department_id`, `shortened`, `status`) VALUES (13300, 'Hatillo de Loba', 13, NULL, 'Activo');
INSERT INTO `weber`.`towns` (`id`, `name`, `department_id`, `shortened`, `status`) VALUES (13430, 'Magangué', 13, NULL, 'Activo');
INSERT INTO `weber`.`towns` (`id`, `name`, `department_id`, `shortened`, `status`) VALUES (13433, 'Mahates', 13, NULL, 'Activo');
INSERT INTO `weber`.`towns` (`id`, `name`, `department_id`, `shortened`, `status`) VALUES (13440, 'Margarita', 13, NULL, 'Activo');
INSERT INTO `weber`.`towns` (`id`, `name`, `department_id`, `shortened`, `status`) VALUES (13442, 'María la Baja', 13, NULL, 'Activo');
INSERT INTO `weber`.`towns` (`id`, `name`, `department_id`, `shortened`, `status`) VALUES (13458, 'Montecristo', 13, NULL, 'Activo');
INSERT INTO `weber`.`towns` (`id`, `name`, `department_id`, `shortened`, `status`) VALUES (13468, 'Mompós', 13, NULL, 'Activo');
INSERT INTO `weber`.`towns` (`id`, `name`, `department_id`, `shortened`, `status`) VALUES (13473, 'Morales', 13, NULL, 'Activo');
INSERT INTO `weber`.`towns` (`id`, `name`, `department_id`, `shortened`, `status`) VALUES (13490, 'Norosí', 13, NULL, 'Activo');
INSERT INTO `weber`.`towns` (`id`, `name`, `department_id`, `shortened`, `status`) VALUES (13549, 'Pinillos', 13, NULL, 'Activo');
INSERT INTO `weber`.`towns` (`id`, `name`, `department_id`, `shortened`, `status`) VALUES (13580, 'Regidor', 13, NULL, 'Activo');
INSERT INTO `weber`.`towns` (`id`, `name`, `department_id`, `shortened`, `status`) VALUES (13600, 'Río Viejo', 13, NULL, 'Activo');
INSERT INTO `weber`.`towns` (`id`, `name`, `department_id`, `shortened`, `status`) VALUES (13620, 'San Cristóbal', 13, NULL, 'Activo');
INSERT INTO `weber`.`towns` (`id`, `name`, `department_id`, `shortened`, `status`) VALUES (13647, 'San Estanislao', 13, NULL, 'Activo');
INSERT INTO `weber`.`towns` (`id`, `name`, `department_id`, `shortened`, `status`) VALUES (13650, 'San Fernando', 13, NULL, 'Activo');
INSERT INTO `weber`.`towns` (`id`, `name`, `department_id`, `shortened`, `status`) VALUES (13654, 'San Jacinto', 13, NULL, 'Activo');
INSERT INTO `weber`.`towns` (`id`, `name`, `department_id`, `shortened`, `status`) VALUES (13655, 'San Jacinto del Cauca', 13, NULL, 'Activo');
INSERT INTO `weber`.`towns` (`id`, `name`, `department_id`, `shortened`, `status`) VALUES (13657, 'San Juan Nepomuceno', 13, NULL, 'Activo');
INSERT INTO `weber`.`towns` (`id`, `name`, `department_id`, `shortened`, `status`) VALUES (13667, 'San Martín de Loba', 13, NULL, 'Activo');
INSERT INTO `weber`.`towns` (`id`, `name`, `department_id`, `shortened`, `status`) VALUES (13670, 'San Pablo de Borbur', 13, NULL, 'Activo');
INSERT INTO `weber`.`towns` (`id`, `name`, `department_id`, `shortened`, `status`) VALUES (13673, 'Santa Catalina', 13, NULL, 'Activo');
INSERT INTO `weber`.`towns` (`id`, `name`, `department_id`, `shortened`, `status`) VALUES (13683, 'Santa Rosa', 13, NULL, 'Activo');
INSERT INTO `weber`.`towns` (`id`, `name`, `department_id`, `shortened`, `status`) VALUES (13688, 'Santa Rosa del Sur', 13, NULL, 'Activo');
INSERT INTO `weber`.`towns` (`id`, `name`, `department_id`, `shortened`, `status`) VALUES (13744, 'Simití', 13, NULL, 'Activo');
INSERT INTO `weber`.`towns` (`id`, `name`, `department_id`, `shortened`, `status`) VALUES (13760, 'Soplaviento', 13, NULL, 'Activo');
INSERT INTO `weber`.`towns` (`id`, `name`, `department_id`, `shortened`, `status`) VALUES (13780, 'Talaigua Nuevo', 13, NULL, 'Activo');
INSERT INTO `weber`.`towns` (`id`, `name`, `department_id`, `shortened`, `status`) VALUES (13810, 'Tiquisio', 13, NULL, 'Activo');
INSERT INTO `weber`.`towns` (`id`, `name`, `department_id`, `shortened`, `status`) VALUES (13836, 'Turbaco', 13, NULL, 'Activo');
INSERT INTO `weber`.`towns` (`id`, `name`, `department_id`, `shortened`, `status`) VALUES (13838, 'Turbaná', 13, NULL, 'Activo');
INSERT INTO `weber`.`towns` (`id`, `name`, `department_id`, `shortened`, `status`) VALUES (13873, 'Villanueva', 13, NULL, 'Activo');
INSERT INTO `weber`.`towns` (`id`, `name`, `department_id`, `shortened`, `status`) VALUES (13894, 'Zambrano', 13, NULL, 'Activo');
INSERT INTO `weber`.`towns` (`id`, `name`, `department_id`, `shortened`, `status`) VALUES (15001, 'Tunja', 15, NULL, 'Activo');
INSERT INTO `weber`.`towns` (`id`, `name`, `department_id`, `shortened`, `status`) VALUES (15022, 'Almeida', 15, NULL, 'Activo');
INSERT INTO `weber`.`towns` (`id`, `name`, `department_id`, `shortened`, `status`) VALUES (15047, 'Aquitania', 15, NULL, 'Activo');
INSERT INTO `weber`.`towns` (`id`, `name`, `department_id`, `shortened`, `status`) VALUES (15051, 'Arcabuco', 15, NULL, 'Activo');
INSERT INTO `weber`.`towns` (`id`, `name`, `department_id`, `shortened`, `status`) VALUES (15087, 'Belén', 15, NULL, 'Activo');
INSERT INTO `weber`.`towns` (`id`, `name`, `department_id`, `shortened`, `status`) VALUES (15090, 'Berbeo', 15, NULL, 'Activo');
INSERT INTO `weber`.`towns` (`id`, `name`, `department_id`, `shortened`, `status`) VALUES (15092, 'Betéitiva', 15, NULL, 'Activo');
INSERT INTO `weber`.`towns` (`id`, `name`, `department_id`, `shortened`, `status`) VALUES (15097, 'Boavita', 15, NULL, 'Activo');
INSERT INTO `weber`.`towns` (`id`, `name`, `department_id`, `shortened`, `status`) VALUES (15104, 'Boyacá', 15, NULL, 'Activo');
INSERT INTO `weber`.`towns` (`id`, `name`, `department_id`, `shortened`, `status`) VALUES (15106, 'Briceño', 15, NULL, 'Activo');
INSERT INTO `weber`.`towns` (`id`, `name`, `department_id`, `shortened`, `status`) VALUES (15109, 'Buena Vista', 15, NULL, 'Activo');
INSERT INTO `weber`.`towns` (`id`, `name`, `department_id`, `shortened`, `status`) VALUES (15114, 'Busbanzá', 15, NULL, 'Activo');
INSERT INTO `weber`.`towns` (`id`, `name`, `department_id`, `shortened`, `status`) VALUES (15131, 'Caldas', 15, NULL, 'Activo');
INSERT INTO `weber`.`towns` (`id`, `name`, `department_id`, `shortened`, `status`) VALUES (15135, 'Campohermoso', 15, NULL, 'Activo');
INSERT INTO `weber`.`towns` (`id`, `name`, `department_id`, `shortened`, `status`) VALUES (15162, 'Cerinza', 15, NULL, 'Activo');
INSERT INTO `weber`.`towns` (`id`, `name`, `department_id`, `shortened`, `status`) VALUES (15172, 'Chinavita', 15, NULL, 'Activo');
INSERT INTO `weber`.`towns` (`id`, `name`, `department_id`, `shortened`, `status`) VALUES (15176, 'Chiquinquirá', 15, NULL, 'Activo');
INSERT INTO `weber`.`towns` (`id`, `name`, `department_id`, `shortened`, `status`) VALUES (15180, 'Chiscas', 15, NULL, 'Activo');
INSERT INTO `weber`.`towns` (`id`, `name`, `department_id`, `shortened`, `status`) VALUES (15183, 'Chita', 15, NULL, 'Activo');
INSERT INTO `weber`.`towns` (`id`, `name`, `department_id`, `shortened`, `status`) VALUES (15185, 'Chitaraque', 15, NULL, 'Activo');
INSERT INTO `weber`.`towns` (`id`, `name`, `department_id`, `shortened`, `status`) VALUES (15187, 'Chivatá', 15, NULL, 'Activo');
INSERT INTO `weber`.`towns` (`id`, `name`, `department_id`, `shortened`, `status`) VALUES (15189, 'Ciénega', 15, NULL, 'Activo');
INSERT INTO `weber`.`towns` (`id`, `name`, `department_id`, `shortened`, `status`) VALUES (15204, 'Cómbita', 15, NULL, 'Activo');
INSERT INTO `weber`.`towns` (`id`, `name`, `department_id`, `shortened`, `status`) VALUES (15212, 'Coper', 15, NULL, 'Activo');
INSERT INTO `weber`.`towns` (`id`, `name`, `department_id`, `shortened`, `status`) VALUES (15215, 'Corrales', 15, NULL, 'Activo');
INSERT INTO `weber`.`towns` (`id`, `name`, `department_id`, `shortened`, `status`) VALUES (15218, 'Covarachía', 15, NULL, 'Activo');
INSERT INTO `weber`.`towns` (`id`, `name`, `department_id`, `shortened`, `status`) VALUES (15223, 'Cubará', 15, NULL, 'Activo');
INSERT INTO `weber`.`towns` (`id`, `name`, `department_id`, `shortened`, `status`) VALUES (15224, 'Cucaita', 15, NULL, 'Activo');
INSERT INTO `weber`.`towns` (`id`, `name`, `department_id`, `shortened`, `status`) VALUES (15226, 'Cuítiva', 15, NULL, 'Activo');
INSERT INTO `weber`.`towns` (`id`, `name`, `department_id`, `shortened`, `status`) VALUES (15232, 'Chíquiza', 15, NULL, 'Activo');
INSERT INTO `weber`.`towns` (`id`, `name`, `department_id`, `shortened`, `status`) VALUES (15236, 'Chivor', 15, NULL, 'Activo');
INSERT INTO `weber`.`towns` (`id`, `name`, `department_id`, `shortened`, `status`) VALUES (15238, 'Duitama', 15, NULL, 'Activo');
INSERT INTO `weber`.`towns` (`id`, `name`, `department_id`, `shortened`, `status`) VALUES (15244, 'El Cocuy', 15, NULL, 'Activo');
INSERT INTO `weber`.`towns` (`id`, `name`, `department_id`, `shortened`, `status`) VALUES (15248, 'El Espino', 15, NULL, 'Activo');
INSERT INTO `weber`.`towns` (`id`, `name`, `department_id`, `shortened`, `status`) VALUES (15272, 'Firavitoba', 15, NULL, 'Activo');
INSERT INTO `weber`.`towns` (`id`, `name`, `department_id`, `shortened`, `status`) VALUES (15276, 'Floresta', 15, NULL, 'Activo');
INSERT INTO `weber`.`towns` (`id`, `name`, `department_id`, `shortened`, `status`) VALUES (15293, 'Gachantivá', 15, NULL, 'Activo');
INSERT INTO `weber`.`towns` (`id`, `name`, `department_id`, `shortened`, `status`) VALUES (15296, 'Gameza', 15, NULL, 'Activo');
INSERT INTO `weber`.`towns` (`id`, `name`, `department_id`, `shortened`, `status`) VALUES (15299, 'Garagoa', 15, NULL, 'Activo');
INSERT INTO `weber`.`towns` (`id`, `name`, `department_id`, `shortened`, `status`) VALUES (15317, 'Guacamayas', 15, NULL, 'Activo');
INSERT INTO `weber`.`towns` (`id`, `name`, `department_id`, `shortened`, `status`) VALUES (15322, 'Guateque', 15, NULL, 'Activo');
INSERT INTO `weber`.`towns` (`id`, `name`, `department_id`, `shortened`, `status`) VALUES (15325, 'Guayatá', 15, NULL, 'Activo');
INSERT INTO `weber`.`towns` (`id`, `name`, `department_id`, `shortened`, `status`) VALUES (15332, 'Güicán', 15, NULL, 'Activo');
INSERT INTO `weber`.`towns` (`id`, `name`, `department_id`, `shortened`, `status`) VALUES (15362, 'Iza', 15, NULL, 'Activo');
INSERT INTO `weber`.`towns` (`id`, `name`, `department_id`, `shortened`, `status`) VALUES (15367, 'Jenesano', 15, NULL, 'Activo');
INSERT INTO `weber`.`towns` (`id`, `name`, `department_id`, `shortened`, `status`) VALUES (15368, 'Jericó', 15, NULL, 'Activo');
INSERT INTO `weber`.`towns` (`id`, `name`, `department_id`, `shortened`, `status`) VALUES (15377, 'Labranzagrande', 15, NULL, 'Activo');
INSERT INTO `weber`.`towns` (`id`, `name`, `department_id`, `shortened`, `status`) VALUES (15380, 'La Capilla', 15, NULL, 'Activo');
INSERT INTO `weber`.`towns` (`id`, `name`, `department_id`, `shortened`, `status`) VALUES (15401, 'La Victoria', 15, NULL, 'Activo');
INSERT INTO `weber`.`towns` (`id`, `name`, `department_id`, `shortened`, `status`) VALUES (15403, 'La Uvita', 15, NULL, 'Activo');
INSERT INTO `weber`.`towns` (`id`, `name`, `department_id`, `shortened`, `status`) VALUES (15407, 'Villa De Leyva', 15, NULL, 'Activo');
INSERT INTO `weber`.`towns` (`id`, `name`, `department_id`, `shortened`, `status`) VALUES (15425, 'Macanal', 15, NULL, 'Activo');
INSERT INTO `weber`.`towns` (`id`, `name`, `department_id`, `shortened`, `status`) VALUES (15442, 'Maripí', 15, NULL, 'Activo');
INSERT INTO `weber`.`towns` (`id`, `name`, `department_id`, `shortened`, `status`) VALUES (15455, 'Miraflores', 15, NULL, 'Activo');
INSERT INTO `weber`.`towns` (`id`, `name`, `department_id`, `shortened`, `status`) VALUES (15464, 'Mongua', 15, NULL, 'Activo');
INSERT INTO `weber`.`towns` (`id`, `name`, `department_id`, `shortened`, `status`) VALUES (15466, 'Monguí', 15, NULL, 'Activo');
INSERT INTO `weber`.`towns` (`id`, `name`, `department_id`, `shortened`, `status`) VALUES (15469, 'Moniquirá', 15, NULL, 'Activo');
INSERT INTO `weber`.`towns` (`id`, `name`, `department_id`, `shortened`, `status`) VALUES (15476, 'Motavita', 15, NULL, 'Activo');
INSERT INTO `weber`.`towns` (`id`, `name`, `department_id`, `shortened`, `status`) VALUES (15480, 'Muzo', 15, NULL, 'Activo');
INSERT INTO `weber`.`towns` (`id`, `name`, `department_id`, `shortened`, `status`) VALUES (15491, 'Nobsa', 15, NULL, 'Activo');
INSERT INTO `weber`.`towns` (`id`, `name`, `department_id`, `shortened`, `status`) VALUES (15494, 'Nuevo Colón', 15, NULL, 'Activo');
INSERT INTO `weber`.`towns` (`id`, `name`, `department_id`, `shortened`, `status`) VALUES (15500, 'Oicatá', 15, NULL, 'Activo');
INSERT INTO `weber`.`towns` (`id`, `name`, `department_id`, `shortened`, `status`) VALUES (15507, 'Otanche', 15, NULL, 'Activo');
INSERT INTO `weber`.`towns` (`id`, `name`, `department_id`, `shortened`, `status`) VALUES (15511, 'Pachavita', 15, NULL, 'Activo');
INSERT INTO `weber`.`towns` (`id`, `name`, `department_id`, `shortened`, `status`) VALUES (15514, 'Páez', 15, NULL, 'Activo');
INSERT INTO `weber`.`towns` (`id`, `name`, `department_id`, `shortened`, `status`) VALUES (15516, 'Paipa', 15, NULL, 'Activo');
INSERT INTO `weber`.`towns` (`id`, `name`, `department_id`, `shortened`, `status`) VALUES (15518, 'Pajarito', 15, NULL, 'Activo');
INSERT INTO `weber`.`towns` (`id`, `name`, `department_id`, `shortened`, `status`) VALUES (15522, 'Panqueba', 15, NULL, 'Activo');
INSERT INTO `weber`.`towns` (`id`, `name`, `department_id`, `shortened`, `status`) VALUES (15531, 'Pauna', 15, NULL, 'Activo');
INSERT INTO `weber`.`towns` (`id`, `name`, `department_id`, `shortened`, `status`) VALUES (15533, 'Paya', 15, NULL, 'Activo');
INSERT INTO `weber`.`towns` (`id`, `name`, `department_id`, `shortened`, `status`) VALUES (15537, 'Paz De Río', 15, NULL, 'Activo');
INSERT INTO `weber`.`towns` (`id`, `name`, `department_id`, `shortened`, `status`) VALUES (15542, 'Pesca', 15, NULL, 'Activo');
INSERT INTO `weber`.`towns` (`id`, `name`, `department_id`, `shortened`, `status`) VALUES (15550, 'Pisba', 15, NULL, 'Activo');
INSERT INTO `weber`.`towns` (`id`, `name`, `department_id`, `shortened`, `status`) VALUES (15572, 'Puerto Boyacá', 15, NULL, 'Activo');
INSERT INTO `weber`.`towns` (`id`, `name`, `department_id`, `shortened`, `status`) VALUES (15580, 'Quípama', 15, NULL, 'Activo');
INSERT INTO `weber`.`towns` (`id`, `name`, `department_id`, `shortened`, `status`) VALUES (15599, 'Ramiriquí', 15, NULL, 'Activo');
INSERT INTO `weber`.`towns` (`id`, `name`, `department_id`, `shortened`, `status`) VALUES (15600, 'Ráquira', 15, NULL, 'Activo');
INSERT INTO `weber`.`towns` (`id`, `name`, `department_id`, `shortened`, `status`) VALUES (15621, 'Rondón', 15, NULL, 'Activo');
INSERT INTO `weber`.`towns` (`id`, `name`, `department_id`, `shortened`, `status`) VALUES (15632, 'Saboyá', 15, NULL, 'Activo');
INSERT INTO `weber`.`towns` (`id`, `name`, `department_id`, `shortened`, `status`) VALUES (15638, 'Sáchica', 15, NULL, 'Activo');
INSERT INTO `weber`.`towns` (`id`, `name`, `department_id`, `shortened`, `status`) VALUES (15646, 'Samacá', 15, NULL, 'Activo');
INSERT INTO `weber`.`towns` (`id`, `name`, `department_id`, `shortened`, `status`) VALUES (15660, 'San Eduardo', 15, NULL, 'Activo');
INSERT INTO `weber`.`towns` (`id`, `name`, `department_id`, `shortened`, `status`) VALUES (15664, 'San José De Pare', 15, NULL, 'Activo');
INSERT INTO `weber`.`towns` (`id`, `name`, `department_id`, `shortened`, `status`) VALUES (15667, 'San Luis De Gaceno', 15, NULL, 'Activo');
INSERT INTO `weber`.`towns` (`id`, `name`, `department_id`, `shortened`, `status`) VALUES (15673, 'San Mateo', 15, NULL, 'Activo');
INSERT INTO `weber`.`towns` (`id`, `name`, `department_id`, `shortened`, `status`) VALUES (15676, 'San Miguel De Sema', 15, NULL, 'Activo');
INSERT INTO `weber`.`towns` (`id`, `name`, `department_id`, `shortened`, `status`) VALUES (15681, 'San Pablo De Borbur', 15, NULL, 'Activo');
INSERT INTO `weber`.`towns` (`id`, `name`, `department_id`, `shortened`, `status`) VALUES (15686, 'Santana', 15, NULL, 'Activo');
INSERT INTO `weber`.`towns` (`id`, `name`, `department_id`, `shortened`, `status`) VALUES (15690, 'Santa María', 15, NULL, 'Activo');
INSERT INTO `weber`.`towns` (`id`, `name`, `department_id`, `shortened`, `status`) VALUES (15693, 'Santa Rosa De Viterbo', 15, NULL, 'Activo');
INSERT INTO `weber`.`towns` (`id`, `name`, `department_id`, `shortened`, `status`) VALUES (15696, 'Santa Sofía', 15, NULL, 'Activo');
INSERT INTO `weber`.`towns` (`id`, `name`, `department_id`, `shortened`, `status`) VALUES (15720, 'Sativanorte', 15, NULL, 'Activo');
INSERT INTO `weber`.`towns` (`id`, `name`, `department_id`, `shortened`, `status`) VALUES (15723, 'Sativasur', 15, NULL, 'Activo');
INSERT INTO `weber`.`towns` (`id`, `name`, `department_id`, `shortened`, `status`) VALUES (15740, 'Siachoque', 15, NULL, 'Activo');
INSERT INTO `weber`.`towns` (`id`, `name`, `department_id`, `shortened`, `status`) VALUES (15753, 'Soatá', 15, NULL, 'Activo');
INSERT INTO `weber`.`towns` (`id`, `name`, `department_id`, `shortened`, `status`) VALUES (15755, 'Socotá', 15, NULL, 'Activo');
INSERT INTO `weber`.`towns` (`id`, `name`, `department_id`, `shortened`, `status`) VALUES (15757, 'Socha', 15, NULL, 'Activo');
INSERT INTO `weber`.`towns` (`id`, `name`, `department_id`, `shortened`, `status`) VALUES (15759, 'Sogamoso', 15, NULL, 'Activo');
INSERT INTO `weber`.`towns` (`id`, `name`, `department_id`, `shortened`, `status`) VALUES (15761, 'Somondoco', 15, NULL, 'Activo');
INSERT INTO `weber`.`towns` (`id`, `name`, `department_id`, `shortened`, `status`) VALUES (15762, 'Sora', 15, NULL, 'Activo');
INSERT INTO `weber`.`towns` (`id`, `name`, `department_id`, `shortened`, `status`) VALUES (15763, 'Sotaquirá', 15, NULL, 'Activo');
INSERT INTO `weber`.`towns` (`id`, `name`, `department_id`, `shortened`, `status`) VALUES (15764, 'Soracá', 15, NULL, 'Activo');
INSERT INTO `weber`.`towns` (`id`, `name`, `department_id`, `shortened`, `status`) VALUES (15774, 'Susacón', 15, NULL, 'Activo');
INSERT INTO `weber`.`towns` (`id`, `name`, `department_id`, `shortened`, `status`) VALUES (15776, 'Sutamarchán', 15, NULL, 'Activo');
INSERT INTO `weber`.`towns` (`id`, `name`, `department_id`, `shortened`, `status`) VALUES (15778, 'Sutatenza', 15, NULL, 'Activo');
INSERT INTO `weber`.`towns` (`id`, `name`, `department_id`, `shortened`, `status`) VALUES (15790, 'Tasco', 15, NULL, 'Activo');
INSERT INTO `weber`.`towns` (`id`, `name`, `department_id`, `shortened`, `status`) VALUES (15798, 'Tenza', 15, NULL, 'Activo');
INSERT INTO `weber`.`towns` (`id`, `name`, `department_id`, `shortened`, `status`) VALUES (15804, 'Tibaná', 15, NULL, 'Activo');
INSERT INTO `weber`.`towns` (`id`, `name`, `department_id`, `shortened`, `status`) VALUES (15806, 'Tibasosa', 15, NULL, 'Activo');
INSERT INTO `weber`.`towns` (`id`, `name`, `department_id`, `shortened`, `status`) VALUES (15808, 'Tinjacá', 15, NULL, 'Activo');
INSERT INTO `weber`.`towns` (`id`, `name`, `department_id`, `shortened`, `status`) VALUES (15810, 'Tipacoque', 15, NULL, 'Activo');
INSERT INTO `weber`.`towns` (`id`, `name`, `department_id`, `shortened`, `status`) VALUES (15814, 'Toca', 15, NULL, 'Activo');
INSERT INTO `weber`.`towns` (`id`, `name`, `department_id`, `shortened`, `status`) VALUES (15816, 'Togüí', 15, NULL, 'Activo');
INSERT INTO `weber`.`towns` (`id`, `name`, `department_id`, `shortened`, `status`) VALUES (15820, 'Tópaga', 15, NULL, 'Activo');
INSERT INTO `weber`.`towns` (`id`, `name`, `department_id`, `shortened`, `status`) VALUES (15822, 'Tota', 15, NULL, 'Activo');
INSERT INTO `weber`.`towns` (`id`, `name`, `department_id`, `shortened`, `status`) VALUES (15832, 'Tununguá', 15, NULL, 'Activo');
INSERT INTO `weber`.`towns` (`id`, `name`, `department_id`, `shortened`, `status`) VALUES (15835, 'Turmequé', 15, NULL, 'Activo');
INSERT INTO `weber`.`towns` (`id`, `name`, `department_id`, `shortened`, `status`) VALUES (15837, 'Tuta', 15, NULL, 'Activo');
INSERT INTO `weber`.`towns` (`id`, `name`, `department_id`, `shortened`, `status`) VALUES (15839, 'Tutazá', 15, NULL, 'Activo');
INSERT INTO `weber`.`towns` (`id`, `name`, `department_id`, `shortened`, `status`) VALUES (15842, 'Umbita', 15, NULL, 'Activo');
INSERT INTO `weber`.`towns` (`id`, `name`, `department_id`, `shortened`, `status`) VALUES (15861, 'Ventaquemada', 15, NULL, 'Activo');
INSERT INTO `weber`.`towns` (`id`, `name`, `department_id`, `shortened`, `status`) VALUES (15879, 'Viracachá', 15, NULL, 'Activo');
INSERT INTO `weber`.`towns` (`id`, `name`, `department_id`, `shortened`, `status`) VALUES (15897, 'Zetaquira', 15, NULL, 'Activo');
INSERT INTO `weber`.`towns` (`id`, `name`, `department_id`, `shortened`, `status`) VALUES (17001, 'Manizales', 17, NULL, 'Activo');
INSERT INTO `weber`.`towns` (`id`, `name`, `department_id`, `shortened`, `status`) VALUES (17013, 'Aguadas', 17, NULL, 'Activo');
INSERT INTO `weber`.`towns` (`id`, `name`, `department_id`, `shortened`, `status`) VALUES (17042, 'Anserma', 17, NULL, 'Activo');
INSERT INTO `weber`.`towns` (`id`, `name`, `department_id`, `shortened`, `status`) VALUES (17050, 'Aranzazu', 17, NULL, 'Activo');
INSERT INTO `weber`.`towns` (`id`, `name`, `department_id`, `shortened`, `status`) VALUES (17088, 'Belalcázar', 17, NULL, 'Activo');
INSERT INTO `weber`.`towns` (`id`, `name`, `department_id`, `shortened`, `status`) VALUES (17174, 'Chinchiná', 17, NULL, 'Activo');
INSERT INTO `weber`.`towns` (`id`, `name`, `department_id`, `shortened`, `status`) VALUES (17272, 'Filadelfia', 17, NULL, 'Activo');
INSERT INTO `weber`.`towns` (`id`, `name`, `department_id`, `shortened`, `status`) VALUES (17380, 'La Dorada', 17, NULL, 'Activo');
INSERT INTO `weber`.`towns` (`id`, `name`, `department_id`, `shortened`, `status`) VALUES (17388, 'La Merced', 17, NULL, 'Activo');
INSERT INTO `weber`.`towns` (`id`, `name`, `department_id`, `shortened`, `status`) VALUES (17433, 'Manzanares', 17, NULL, 'Activo');
INSERT INTO `weber`.`towns` (`id`, `name`, `department_id`, `shortened`, `status`) VALUES (17442, 'Marmato', 17, NULL, 'Activo');
INSERT INTO `weber`.`towns` (`id`, `name`, `department_id`, `shortened`, `status`) VALUES (17444, 'Marquetalia', 17, NULL, 'Activo');
INSERT INTO `weber`.`towns` (`id`, `name`, `department_id`, `shortened`, `status`) VALUES (17446, 'Marulanda', 17, NULL, 'Activo');
INSERT INTO `weber`.`towns` (`id`, `name`, `department_id`, `shortened`, `status`) VALUES (17486, 'Neira', 17, NULL, 'Activo');
INSERT INTO `weber`.`towns` (`id`, `name`, `department_id`, `shortened`, `status`) VALUES (17495, 'Norcasia', 17, NULL, 'Activo');
INSERT INTO `weber`.`towns` (`id`, `name`, `department_id`, `shortened`, `status`) VALUES (17513, 'Pácora', 17, NULL, 'Activo');
INSERT INTO `weber`.`towns` (`id`, `name`, `department_id`, `shortened`, `status`) VALUES (17524, 'Palestina', 17, NULL, 'Activo');
INSERT INTO `weber`.`towns` (`id`, `name`, `department_id`, `shortened`, `status`) VALUES (17541, 'Pensilvania', 17, NULL, 'Activo');
INSERT INTO `weber`.`towns` (`id`, `name`, `department_id`, `shortened`, `status`) VALUES (17614, 'Riosucio', 17, NULL, 'Activo');
INSERT INTO `weber`.`towns` (`id`, `name`, `department_id`, `shortened`, `status`) VALUES (17616, 'Risaralda', 17, NULL, 'Activo');
INSERT INTO `weber`.`towns` (`id`, `name`, `department_id`, `shortened`, `status`) VALUES (17653, 'Salamina', 17, NULL, 'Activo');
INSERT INTO `weber`.`towns` (`id`, `name`, `department_id`, `shortened`, `status`) VALUES (17662, 'Samaná', 17, NULL, 'Activo');
INSERT INTO `weber`.`towns` (`id`, `name`, `department_id`, `shortened`, `status`) VALUES (17665, 'San José', 17, NULL, 'Activo');
INSERT INTO `weber`.`towns` (`id`, `name`, `department_id`, `shortened`, `status`) VALUES (17777, 'Supía', 17, NULL, 'Activo');
INSERT INTO `weber`.`towns` (`id`, `name`, `department_id`, `shortened`, `status`) VALUES (17867, 'Victoria', 17, NULL, 'Activo');
INSERT INTO `weber`.`towns` (`id`, `name`, `department_id`, `shortened`, `status`) VALUES (17873, 'Villamaría', 17, NULL, 'Activo');
INSERT INTO `weber`.`towns` (`id`, `name`, `department_id`, `shortened`, `status`) VALUES (17877, 'Viterbo', 17, NULL, 'Activo');
INSERT INTO `weber`.`towns` (`id`, `name`, `department_id`, `shortened`, `status`) VALUES (18001, 'Florencia', 18, NULL, 'Activo');
INSERT INTO `weber`.`towns` (`id`, `name`, `department_id`, `shortened`, `status`) VALUES (18029, 'Albania', 18, NULL, 'Activo');
INSERT INTO `weber`.`towns` (`id`, `name`, `department_id`, `shortened`, `status`) VALUES (18094, 'Belén de Los Andaquies', 18, NULL, 'Activo');
INSERT INTO `weber`.`towns` (`id`, `name`, `department_id`, `shortened`, `status`) VALUES (18150, 'Cartagena del Chairá', 18, NULL, 'Activo');
INSERT INTO `weber`.`towns` (`id`, `name`, `department_id`, `shortened`, `status`) VALUES (18205, 'Curillo', 18, NULL, 'Activo');
INSERT INTO `weber`.`towns` (`id`, `name`, `department_id`, `shortened`, `status`) VALUES (18247, 'El Doncello', 18, NULL, 'Activo');
INSERT INTO `weber`.`towns` (`id`, `name`, `department_id`, `shortened`, `status`) VALUES (18256, 'El Paujil', 18, NULL, 'Activo');
INSERT INTO `weber`.`towns` (`id`, `name`, `department_id`, `shortened`, `status`) VALUES (18410, 'La Montañita', 18, NULL, 'Activo');
INSERT INTO `weber`.`towns` (`id`, `name`, `department_id`, `shortened`, `status`) VALUES (18460, 'Milán', 18, NULL, 'Activo');
INSERT INTO `weber`.`towns` (`id`, `name`, `department_id`, `shortened`, `status`) VALUES (18479, 'Morelia', 18, NULL, 'Activo');
INSERT INTO `weber`.`towns` (`id`, `name`, `department_id`, `shortened`, `status`) VALUES (18592, 'Puerto Rico', 18, NULL, 'Activo');
INSERT INTO `weber`.`towns` (`id`, `name`, `department_id`, `shortened`, `status`) VALUES (18610, 'San José del Fragua', 18, NULL, 'Activo');
INSERT INTO `weber`.`towns` (`id`, `name`, `department_id`, `shortened`, `status`) VALUES (18753, 'San Vicente del Caguán', 18, NULL, 'Activo');
INSERT INTO `weber`.`towns` (`id`, `name`, `department_id`, `shortened`, `status`) VALUES (18756, 'Solano', 18, NULL, 'Activo');
INSERT INTO `weber`.`towns` (`id`, `name`, `department_id`, `shortened`, `status`) VALUES (18785, 'Solita', 18, NULL, 'Activo');
INSERT INTO `weber`.`towns` (`id`, `name`, `department_id`, `shortened`, `status`) VALUES (18860, 'Valparaíso', 18, NULL, 'Activo');
INSERT INTO `weber`.`towns` (`id`, `name`, `department_id`, `shortened`, `status`) VALUES (19001, 'Popayán', 19, NULL, 'Activo');
INSERT INTO `weber`.`towns` (`id`, `name`, `department_id`, `shortened`, `status`) VALUES (19022, 'Almaguer', 19, NULL, 'Activo');
INSERT INTO `weber`.`towns` (`id`, `name`, `department_id`, `shortened`, `status`) VALUES (19050, 'Argelia', 19, NULL, 'Activo');
INSERT INTO `weber`.`towns` (`id`, `name`, `department_id`, `shortened`, `status`) VALUES (19075, 'Balboa', 19, NULL, 'Activo');
INSERT INTO `weber`.`towns` (`id`, `name`, `department_id`, `shortened`, `status`) VALUES (19100, 'Bolívar', 19, NULL, 'Activo');
INSERT INTO `weber`.`towns` (`id`, `name`, `department_id`, `shortened`, `status`) VALUES (19110, 'Buenos Aires', 19, NULL, 'Activo');
INSERT INTO `weber`.`towns` (`id`, `name`, `department_id`, `shortened`, `status`) VALUES (19130, 'Cajibío', 19, NULL, 'Activo');
INSERT INTO `weber`.`towns` (`id`, `name`, `department_id`, `shortened`, `status`) VALUES (19137, 'Caldono', 19, NULL, 'Activo');
INSERT INTO `weber`.`towns` (`id`, `name`, `department_id`, `shortened`, `status`) VALUES (19142, 'Caloto', 19, NULL, 'Activo');
INSERT INTO `weber`.`towns` (`id`, `name`, `department_id`, `shortened`, `status`) VALUES (19212, 'Corinto', 19, NULL, 'Activo');
INSERT INTO `weber`.`towns` (`id`, `name`, `department_id`, `shortened`, `status`) VALUES (19256, 'El Tambo', 19, NULL, 'Activo');
INSERT INTO `weber`.`towns` (`id`, `name`, `department_id`, `shortened`, `status`) VALUES (19290, 'Florencia', 19, NULL, 'Activo');
INSERT INTO `weber`.`towns` (`id`, `name`, `department_id`, `shortened`, `status`) VALUES (19300, 'Guachené', 19, NULL, 'Activo');
INSERT INTO `weber`.`towns` (`id`, `name`, `department_id`, `shortened`, `status`) VALUES (19318, 'Guapi', 19, NULL, 'Activo');
INSERT INTO `weber`.`towns` (`id`, `name`, `department_id`, `shortened`, `status`) VALUES (19355, 'Inzá', 19, NULL, 'Activo');
INSERT INTO `weber`.`towns` (`id`, `name`, `department_id`, `shortened`, `status`) VALUES (19364, 'Jambaló', 19, NULL, 'Activo');
INSERT INTO `weber`.`towns` (`id`, `name`, `department_id`, `shortened`, `status`) VALUES (19392, 'La Sierra', 19, NULL, 'Activo');
INSERT INTO `weber`.`towns` (`id`, `name`, `department_id`, `shortened`, `status`) VALUES (19397, 'La Vega', 19, NULL, 'Activo');
INSERT INTO `weber`.`towns` (`id`, `name`, `department_id`, `shortened`, `status`) VALUES (19418, 'López de Micay', 19, NULL, 'Activo');
INSERT INTO `weber`.`towns` (`id`, `name`, `department_id`, `shortened`, `status`) VALUES (19450, 'Mercaderes', 19, NULL, 'Activo');
INSERT INTO `weber`.`towns` (`id`, `name`, `department_id`, `shortened`, `status`) VALUES (19455, 'Miranda', 19, NULL, 'Activo');
INSERT INTO `weber`.`towns` (`id`, `name`, `department_id`, `shortened`, `status`) VALUES (19473, 'Morales', 19, NULL, 'Activo');
INSERT INTO `weber`.`towns` (`id`, `name`, `department_id`, `shortened`, `status`) VALUES (19513, 'Padilla', 19, NULL, 'Activo');
INSERT INTO `weber`.`towns` (`id`, `name`, `department_id`, `shortened`, `status`) VALUES (19517, 'Páez', 19, NULL, 'Activo');
INSERT INTO `weber`.`towns` (`id`, `name`, `department_id`, `shortened`, `status`) VALUES (19532, 'Patía', 19, NULL, 'Activo');
INSERT INTO `weber`.`towns` (`id`, `name`, `department_id`, `shortened`, `status`) VALUES (19533, 'Piamonte', 19, NULL, 'Activo');
INSERT INTO `weber`.`towns` (`id`, `name`, `department_id`, `shortened`, `status`) VALUES (19548, 'Piendamó', 19, NULL, 'Activo');
INSERT INTO `weber`.`towns` (`id`, `name`, `department_id`, `shortened`, `status`) VALUES (19573, 'Puerto Tejada', 19, NULL, 'Activo');
INSERT INTO `weber`.`towns` (`id`, `name`, `department_id`, `shortened`, `status`) VALUES (19585, 'Puracé', 19, NULL, 'Activo');
INSERT INTO `weber`.`towns` (`id`, `name`, `department_id`, `shortened`, `status`) VALUES (19622, 'Rosas', 19, NULL, 'Activo');
INSERT INTO `weber`.`towns` (`id`, `name`, `department_id`, `shortened`, `status`) VALUES (19693, 'San Sebastián', 19, NULL, 'Activo');
INSERT INTO `weber`.`towns` (`id`, `name`, `department_id`, `shortened`, `status`) VALUES (19698, 'Santander de Quilichao', 19, NULL, 'Activo');
INSERT INTO `weber`.`towns` (`id`, `name`, `department_id`, `shortened`, `status`) VALUES (19701, 'Santa Rosa', 19, NULL, 'Activo');
INSERT INTO `weber`.`towns` (`id`, `name`, `department_id`, `shortened`, `status`) VALUES (19743, 'Silvia', 19, NULL, 'Activo');
INSERT INTO `weber`.`towns` (`id`, `name`, `department_id`, `shortened`, `status`) VALUES (19760, 'Sotara', 19, NULL, 'Activo');
INSERT INTO `weber`.`towns` (`id`, `name`, `department_id`, `shortened`, `status`) VALUES (19780, 'Suárez', 19, NULL, 'Activo');
INSERT INTO `weber`.`towns` (`id`, `name`, `department_id`, `shortened`, `status`) VALUES (19785, 'Sucre', 19, NULL, 'Activo');
INSERT INTO `weber`.`towns` (`id`, `name`, `department_id`, `shortened`, `status`) VALUES (19807, 'Timbío', 19, NULL, 'Activo');
INSERT INTO `weber`.`towns` (`id`, `name`, `department_id`, `shortened`, `status`) VALUES (19809, 'Timbiquí', 19, NULL, 'Activo');
INSERT INTO `weber`.`towns` (`id`, `name`, `department_id`, `shortened`, `status`) VALUES (19821, 'Toribio', 19, NULL, 'Activo');
INSERT INTO `weber`.`towns` (`id`, `name`, `department_id`, `shortened`, `status`) VALUES (19824, 'Totoró', 19, NULL, 'Activo');
INSERT INTO `weber`.`towns` (`id`, `name`, `department_id`, `shortened`, `status`) VALUES (19845, 'Villa Rica', 19, NULL, 'Activo');
INSERT INTO `weber`.`towns` (`id`, `name`, `department_id`, `shortened`, `status`) VALUES (20001, 'Valledupar', 20, NULL, 'Activo');
INSERT INTO `weber`.`towns` (`id`, `name`, `department_id`, `shortened`, `status`) VALUES (20011, 'Aguachica', 20, NULL, 'Activo');
INSERT INTO `weber`.`towns` (`id`, `name`, `department_id`, `shortened`, `status`) VALUES (20013, 'Agustín Codazzi', 20, NULL, 'Activo');
INSERT INTO `weber`.`towns` (`id`, `name`, `department_id`, `shortened`, `status`) VALUES (20032, 'Astrea', 20, NULL, 'Activo');
INSERT INTO `weber`.`towns` (`id`, `name`, `department_id`, `shortened`, `status`) VALUES (20045, 'Becerril', 20, NULL, 'Activo');
INSERT INTO `weber`.`towns` (`id`, `name`, `department_id`, `shortened`, `status`) VALUES (20060, 'Bosconia', 20, NULL, 'Activo');
INSERT INTO `weber`.`towns` (`id`, `name`, `department_id`, `shortened`, `status`) VALUES (20175, 'Chimichagua', 20, NULL, 'Activo');
INSERT INTO `weber`.`towns` (`id`, `name`, `department_id`, `shortened`, `status`) VALUES (20178, 'Chiriguaná', 20, NULL, 'Activo');
INSERT INTO `weber`.`towns` (`id`, `name`, `department_id`, `shortened`, `status`) VALUES (20228, 'Curumaní', 20, NULL, 'Activo');
INSERT INTO `weber`.`towns` (`id`, `name`, `department_id`, `shortened`, `status`) VALUES (20238, 'El Copey', 20, NULL, 'Activo');
INSERT INTO `weber`.`towns` (`id`, `name`, `department_id`, `shortened`, `status`) VALUES (20250, 'El Paso', 20, NULL, 'Activo');
INSERT INTO `weber`.`towns` (`id`, `name`, `department_id`, `shortened`, `status`) VALUES (20295, 'Gamarra', 20, NULL, 'Activo');
INSERT INTO `weber`.`towns` (`id`, `name`, `department_id`, `shortened`, `status`) VALUES (20310, 'González', 20, NULL, 'Activo');
INSERT INTO `weber`.`towns` (`id`, `name`, `department_id`, `shortened`, `status`) VALUES (20383, 'La Gloria', 20, NULL, 'Activo');
INSERT INTO `weber`.`towns` (`id`, `name`, `department_id`, `shortened`, `status`) VALUES (20400, 'La Jagua de Ibirico', 20, NULL, 'Activo');
INSERT INTO `weber`.`towns` (`id`, `name`, `department_id`, `shortened`, `status`) VALUES (20443, 'Manaure', 20, NULL, 'Activo');
INSERT INTO `weber`.`towns` (`id`, `name`, `department_id`, `shortened`, `status`) VALUES (20517, 'Pailitas', 20, NULL, 'Activo');
INSERT INTO `weber`.`towns` (`id`, `name`, `department_id`, `shortened`, `status`) VALUES (20550, 'Pelaya', 20, NULL, 'Activo');
INSERT INTO `weber`.`towns` (`id`, `name`, `department_id`, `shortened`, `status`) VALUES (20570, 'Pueblo Bello', 20, NULL, 'Activo');
INSERT INTO `weber`.`towns` (`id`, `name`, `department_id`, `shortened`, `status`) VALUES (20614, 'Río de Oro', 20, NULL, 'Activo');
INSERT INTO `weber`.`towns` (`id`, `name`, `department_id`, `shortened`, `status`) VALUES (20621, 'La Paz', 20, NULL, 'Activo');
INSERT INTO `weber`.`towns` (`id`, `name`, `department_id`, `shortened`, `status`) VALUES (20710, 'San Alberto', 20, NULL, 'Activo');
INSERT INTO `weber`.`towns` (`id`, `name`, `department_id`, `shortened`, `status`) VALUES (20750, 'San Diego', 20, NULL, 'Activo');
INSERT INTO `weber`.`towns` (`id`, `name`, `department_id`, `shortened`, `status`) VALUES (20770, 'San Martín', 20, NULL, 'Activo');
INSERT INTO `weber`.`towns` (`id`, `name`, `department_id`, `shortened`, `status`) VALUES (20787, 'Tamalameque', 20, NULL, 'Activo');
INSERT INTO `weber`.`towns` (`id`, `name`, `department_id`, `shortened`, `status`) VALUES (23001, 'Montería', 23, NULL, 'Activo');
INSERT INTO `weber`.`towns` (`id`, `name`, `department_id`, `shortened`, `status`) VALUES (23068, 'Ayapel', 23, NULL, 'Activo');
INSERT INTO `weber`.`towns` (`id`, `name`, `department_id`, `shortened`, `status`) VALUES (23079, 'Buenavista', 23, NULL, 'Activo');
INSERT INTO `weber`.`towns` (`id`, `name`, `department_id`, `shortened`, `status`) VALUES (23090, 'Canalete', 23, NULL, 'Activo');
INSERT INTO `weber`.`towns` (`id`, `name`, `department_id`, `shortened`, `status`) VALUES (23162, 'Cereté', 23, NULL, 'Activo');
INSERT INTO `weber`.`towns` (`id`, `name`, `department_id`, `shortened`, `status`) VALUES (23168, 'Chimá', 23, NULL, 'Activo');
INSERT INTO `weber`.`towns` (`id`, `name`, `department_id`, `shortened`, `status`) VALUES (23182, 'Chinú', 23, NULL, 'Activo');
INSERT INTO `weber`.`towns` (`id`, `name`, `department_id`, `shortened`, `status`) VALUES (23189, 'Ciénaga de Oro', 23, NULL, 'Activo');
INSERT INTO `weber`.`towns` (`id`, `name`, `department_id`, `shortened`, `status`) VALUES (23300, 'Cotorra', 23, NULL, 'Activo');
INSERT INTO `weber`.`towns` (`id`, `name`, `department_id`, `shortened`, `status`) VALUES (23350, 'La Apartada', 23, NULL, 'Activo');
INSERT INTO `weber`.`towns` (`id`, `name`, `department_id`, `shortened`, `status`) VALUES (23417, 'Lorica', 23, NULL, 'Activo');
INSERT INTO `weber`.`towns` (`id`, `name`, `department_id`, `shortened`, `status`) VALUES (23419, 'Los Córdobas', 23, NULL, 'Activo');
INSERT INTO `weber`.`towns` (`id`, `name`, `department_id`, `shortened`, `status`) VALUES (23464, 'Momil', 23, NULL, 'Activo');
INSERT INTO `weber`.`towns` (`id`, `name`, `department_id`, `shortened`, `status`) VALUES (23466, 'Montelíbano', 23, NULL, 'Activo');
INSERT INTO `weber`.`towns` (`id`, `name`, `department_id`, `shortened`, `status`) VALUES (23500, 'Moñitos', 23, NULL, 'Activo');
INSERT INTO `weber`.`towns` (`id`, `name`, `department_id`, `shortened`, `status`) VALUES (23555, 'Planeta Rica', 23, NULL, 'Activo');
INSERT INTO `weber`.`towns` (`id`, `name`, `department_id`, `shortened`, `status`) VALUES (23570, 'Pueblo Nuevo', 23, NULL, 'Activo');
INSERT INTO `weber`.`towns` (`id`, `name`, `department_id`, `shortened`, `status`) VALUES (23574, 'Puerto Escondido', 23, NULL, 'Activo');
INSERT INTO `weber`.`towns` (`id`, `name`, `department_id`, `shortened`, `status`) VALUES (23580, 'Puerto Libertador', 23, NULL, 'Activo');
INSERT INTO `weber`.`towns` (`id`, `name`, `department_id`, `shortened`, `status`) VALUES (23586, 'Purísima', 23, NULL, 'Activo');
INSERT INTO `weber`.`towns` (`id`, `name`, `department_id`, `shortened`, `status`) VALUES (23660, 'Sahagún', 23, NULL, 'Activo');
INSERT INTO `weber`.`towns` (`id`, `name`, `department_id`, `shortened`, `status`) VALUES (23670, 'San Andrés Sotavento', 23, NULL, 'Activo');
INSERT INTO `weber`.`towns` (`id`, `name`, `department_id`, `shortened`, `status`) VALUES (23672, 'San Antero', 23, NULL, 'Activo');
INSERT INTO `weber`.`towns` (`id`, `name`, `department_id`, `shortened`, `status`) VALUES (23675, 'San Bernardo del Viento', 23, NULL, 'Activo');
INSERT INTO `weber`.`towns` (`id`, `name`, `department_id`, `shortened`, `status`) VALUES (23678, 'San Carlos', 23, NULL, 'Activo');
INSERT INTO `weber`.`towns` (`id`, `name`, `department_id`, `shortened`, `status`) VALUES (23682, 'San José de Uré', 23, NULL, 'Activo');
INSERT INTO `weber`.`towns` (`id`, `name`, `department_id`, `shortened`, `status`) VALUES (23686, 'San Pelayo', 23, NULL, 'Activo');
INSERT INTO `weber`.`towns` (`id`, `name`, `department_id`, `shortened`, `status`) VALUES (23807, 'Tierralta', 23, NULL, 'Activo');
INSERT INTO `weber`.`towns` (`id`, `name`, `department_id`, `shortened`, `status`) VALUES (23815, 'Tuchín', 23, NULL, 'Activo');
INSERT INTO `weber`.`towns` (`id`, `name`, `department_id`, `shortened`, `status`) VALUES (23855, 'Valencia', 23, NULL, 'Activo');
INSERT INTO `weber`.`towns` (`id`, `name`, `department_id`, `shortened`, `status`) VALUES (25001, 'Agua de Dios', 25, NULL, 'Activo');
INSERT INTO `weber`.`towns` (`id`, `name`, `department_id`, `shortened`, `status`) VALUES (25019, 'Albán', 25, NULL, 'Activo');
INSERT INTO `weber`.`towns` (`id`, `name`, `department_id`, `shortened`, `status`) VALUES (25035, 'Anapoima', 25, NULL, 'Activo');
INSERT INTO `weber`.`towns` (`id`, `name`, `department_id`, `shortened`, `status`) VALUES (25040, 'Anolaima', 25, NULL, 'Activo');
INSERT INTO `weber`.`towns` (`id`, `name`, `department_id`, `shortened`, `status`) VALUES (25053, 'Arbeláez', 25, NULL, 'Activo');
INSERT INTO `weber`.`towns` (`id`, `name`, `department_id`, `shortened`, `status`) VALUES (25086, 'Beltrán', 25, NULL, 'Activo');
INSERT INTO `weber`.`towns` (`id`, `name`, `department_id`, `shortened`, `status`) VALUES (25095, 'Bituima', 25, NULL, 'Activo');
INSERT INTO `weber`.`towns` (`id`, `name`, `department_id`, `shortened`, `status`) VALUES (25099, 'Bojacá', 25, NULL, 'Activo');
INSERT INTO `weber`.`towns` (`id`, `name`, `department_id`, `shortened`, `status`) VALUES (25120, 'Cabrera', 25, NULL, 'Activo');
INSERT INTO `weber`.`towns` (`id`, `name`, `department_id`, `shortened`, `status`) VALUES (25123, 'Cachipay', 25, NULL, 'Activo');
INSERT INTO `weber`.`towns` (`id`, `name`, `department_id`, `shortened`, `status`) VALUES (25126, 'Cajicá', 25, NULL, 'Activo');
INSERT INTO `weber`.`towns` (`id`, `name`, `department_id`, `shortened`, `status`) VALUES (25148, 'Caparrapí', 25, NULL, 'Activo');
INSERT INTO `weber`.`towns` (`id`, `name`, `department_id`, `shortened`, `status`) VALUES (25151, 'Caqueza', 25, NULL, 'Activo');
INSERT INTO `weber`.`towns` (`id`, `name`, `department_id`, `shortened`, `status`) VALUES (25154, 'Carmen de Carupa', 25, NULL, 'Activo');
INSERT INTO `weber`.`towns` (`id`, `name`, `department_id`, `shortened`, `status`) VALUES (25168, 'Chaguaní', 25, NULL, 'Activo');
INSERT INTO `weber`.`towns` (`id`, `name`, `department_id`, `shortened`, `status`) VALUES (25175, 'Chía', 25, NULL, 'Activo');
INSERT INTO `weber`.`towns` (`id`, `name`, `department_id`, `shortened`, `status`) VALUES (25178, 'Chipaque', 25, NULL, 'Activo');
INSERT INTO `weber`.`towns` (`id`, `name`, `department_id`, `shortened`, `status`) VALUES (25181, 'Choachí', 25, NULL, 'Activo');
INSERT INTO `weber`.`towns` (`id`, `name`, `department_id`, `shortened`, `status`) VALUES (25183, 'Chocontá', 25, NULL, 'Activo');
INSERT INTO `weber`.`towns` (`id`, `name`, `department_id`, `shortened`, `status`) VALUES (25200, 'Cogua', 25, NULL, 'Activo');
INSERT INTO `weber`.`towns` (`id`, `name`, `department_id`, `shortened`, `status`) VALUES (25214, 'Cota', 25, NULL, 'Activo');
INSERT INTO `weber`.`towns` (`id`, `name`, `department_id`, `shortened`, `status`) VALUES (25224, 'Cucunubá', 25, NULL, 'Activo');
INSERT INTO `weber`.`towns` (`id`, `name`, `department_id`, `shortened`, `status`) VALUES (25245, 'El Colegio', 25, NULL, 'Activo');
INSERT INTO `weber`.`towns` (`id`, `name`, `department_id`, `shortened`, `status`) VALUES (25258, 'El Peñón', 25, NULL, 'Activo');
INSERT INTO `weber`.`towns` (`id`, `name`, `department_id`, `shortened`, `status`) VALUES (25260, 'El Rosal', 25, NULL, 'Activo');
INSERT INTO `weber`.`towns` (`id`, `name`, `department_id`, `shortened`, `status`) VALUES (25269, 'Facatativá', 25, NULL, 'Activo');
INSERT INTO `weber`.`towns` (`id`, `name`, `department_id`, `shortened`, `status`) VALUES (25279, 'Fomeque', 25, NULL, 'Activo');
INSERT INTO `weber`.`towns` (`id`, `name`, `department_id`, `shortened`, `status`) VALUES (25281, 'Fosca', 25, NULL, 'Activo');
INSERT INTO `weber`.`towns` (`id`, `name`, `department_id`, `shortened`, `status`) VALUES (25286, 'Funza', 25, NULL, 'Activo');
INSERT INTO `weber`.`towns` (`id`, `name`, `department_id`, `shortened`, `status`) VALUES (25288, 'Fúquene', 25, NULL, 'Activo');
INSERT INTO `weber`.`towns` (`id`, `name`, `department_id`, `shortened`, `status`) VALUES (25290, 'Fusagasugá', 25, NULL, 'Activo');
INSERT INTO `weber`.`towns` (`id`, `name`, `department_id`, `shortened`, `status`) VALUES (25293, 'Gachala', 25, NULL, 'Activo');
INSERT INTO `weber`.`towns` (`id`, `name`, `department_id`, `shortened`, `status`) VALUES (25295, 'Gachancipá', 25, NULL, 'Activo');
INSERT INTO `weber`.`towns` (`id`, `name`, `department_id`, `shortened`, `status`) VALUES (25297, 'Gachetá', 25, NULL, 'Activo');
INSERT INTO `weber`.`towns` (`id`, `name`, `department_id`, `shortened`, `status`) VALUES (25299, 'Gama', 25, NULL, 'Activo');
INSERT INTO `weber`.`towns` (`id`, `name`, `department_id`, `shortened`, `status`) VALUES (25307, 'Girardot', 25, NULL, 'Activo');
INSERT INTO `weber`.`towns` (`id`, `name`, `department_id`, `shortened`, `status`) VALUES (25312, 'Granada', 25, NULL, 'Activo');
INSERT INTO `weber`.`towns` (`id`, `name`, `department_id`, `shortened`, `status`) VALUES (25317, 'Guachetá', 25, NULL, 'Activo');
INSERT INTO `weber`.`towns` (`id`, `name`, `department_id`, `shortened`, `status`) VALUES (25320, 'Guaduas', 25, NULL, 'Activo');
INSERT INTO `weber`.`towns` (`id`, `name`, `department_id`, `shortened`, `status`) VALUES (25322, 'Guasca', 25, NULL, 'Activo');
INSERT INTO `weber`.`towns` (`id`, `name`, `department_id`, `shortened`, `status`) VALUES (25324, 'Guataquí', 25, NULL, 'Activo');
INSERT INTO `weber`.`towns` (`id`, `name`, `department_id`, `shortened`, `status`) VALUES (25326, 'Guatavita', 25, NULL, 'Activo');
INSERT INTO `weber`.`towns` (`id`, `name`, `department_id`, `shortened`, `status`) VALUES (25328, 'Guayabal de Siquima', 25, NULL, 'Activo');
INSERT INTO `weber`.`towns` (`id`, `name`, `department_id`, `shortened`, `status`) VALUES (25335, 'Guayabetal', 25, NULL, 'Activo');
INSERT INTO `weber`.`towns` (`id`, `name`, `department_id`, `shortened`, `status`) VALUES (25339, 'Gutiérrez', 25, NULL, 'Activo');
INSERT INTO `weber`.`towns` (`id`, `name`, `department_id`, `shortened`, `status`) VALUES (25368, 'Jerusalén', 25, NULL, 'Activo');
INSERT INTO `weber`.`towns` (`id`, `name`, `department_id`, `shortened`, `status`) VALUES (25372, 'Junín', 25, NULL, 'Activo');
INSERT INTO `weber`.`towns` (`id`, `name`, `department_id`, `shortened`, `status`) VALUES (25377, 'La Calera', 25, NULL, 'Activo');
INSERT INTO `weber`.`towns` (`id`, `name`, `department_id`, `shortened`, `status`) VALUES (25386, 'La Mesa', 25, NULL, 'Activo');
INSERT INTO `weber`.`towns` (`id`, `name`, `department_id`, `shortened`, `status`) VALUES (25394, 'La Palma', 25, NULL, 'Activo');
INSERT INTO `weber`.`towns` (`id`, `name`, `department_id`, `shortened`, `status`) VALUES (25398, 'La Peña', 25, NULL, 'Activo');
INSERT INTO `weber`.`towns` (`id`, `name`, `department_id`, `shortened`, `status`) VALUES (25402, 'La Vega', 25, NULL, 'Activo');
INSERT INTO `weber`.`towns` (`id`, `name`, `department_id`, `shortened`, `status`) VALUES (25407, 'Lenguazaque', 25, NULL, 'Activo');
INSERT INTO `weber`.`towns` (`id`, `name`, `department_id`, `shortened`, `status`) VALUES (25426, 'Macheta', 25, NULL, 'Activo');
INSERT INTO `weber`.`towns` (`id`, `name`, `department_id`, `shortened`, `status`) VALUES (25430, 'Madrid', 25, NULL, 'Activo');
INSERT INTO `weber`.`towns` (`id`, `name`, `department_id`, `shortened`, `status`) VALUES (25436, 'Manta', 25, NULL, 'Activo');
INSERT INTO `weber`.`towns` (`id`, `name`, `department_id`, `shortened`, `status`) VALUES (25438, 'Medina', 25, NULL, 'Activo');
INSERT INTO `weber`.`towns` (`id`, `name`, `department_id`, `shortened`, `status`) VALUES (25473, 'Mosquera', 25, NULL, 'Activo');
INSERT INTO `weber`.`towns` (`id`, `name`, `department_id`, `shortened`, `status`) VALUES (25483, 'Nariño', 25, NULL, 'Activo');
INSERT INTO `weber`.`towns` (`id`, `name`, `department_id`, `shortened`, `status`) VALUES (25486, 'Nemocón', 25, NULL, 'Activo');
INSERT INTO `weber`.`towns` (`id`, `name`, `department_id`, `shortened`, `status`) VALUES (25488, 'Nilo', 25, NULL, 'Activo');
INSERT INTO `weber`.`towns` (`id`, `name`, `department_id`, `shortened`, `status`) VALUES (25489, 'Nimaima', 25, NULL, 'Activo');
INSERT INTO `weber`.`towns` (`id`, `name`, `department_id`, `shortened`, `status`) VALUES (25491, 'Nocaima', 25, NULL, 'Activo');
INSERT INTO `weber`.`towns` (`id`, `name`, `department_id`, `shortened`, `status`) VALUES (25506, 'Venecia', 25, NULL, 'Activo');
INSERT INTO `weber`.`towns` (`id`, `name`, `department_id`, `shortened`, `status`) VALUES (25513, 'Pacho', 25, NULL, 'Activo');
INSERT INTO `weber`.`towns` (`id`, `name`, `department_id`, `shortened`, `status`) VALUES (25518, 'Paime', 25, NULL, 'Activo');
INSERT INTO `weber`.`towns` (`id`, `name`, `department_id`, `shortened`, `status`) VALUES (25524, 'Pandi', 25, NULL, 'Activo');
INSERT INTO `weber`.`towns` (`id`, `name`, `department_id`, `shortened`, `status`) VALUES (25530, 'Paratebueno', 25, NULL, 'Activo');
INSERT INTO `weber`.`towns` (`id`, `name`, `department_id`, `shortened`, `status`) VALUES (25535, 'Pasca', 25, NULL, 'Activo');
INSERT INTO `weber`.`towns` (`id`, `name`, `department_id`, `shortened`, `status`) VALUES (25572, 'Puerto Salgar', 25, NULL, 'Activo');
INSERT INTO `weber`.`towns` (`id`, `name`, `department_id`, `shortened`, `status`) VALUES (25580, 'Pulí', 25, NULL, 'Activo');
INSERT INTO `weber`.`towns` (`id`, `name`, `department_id`, `shortened`, `status`) VALUES (25592, 'Quebradanegra', 25, NULL, 'Activo');
INSERT INTO `weber`.`towns` (`id`, `name`, `department_id`, `shortened`, `status`) VALUES (25594, 'Quetame', 25, NULL, 'Activo');
INSERT INTO `weber`.`towns` (`id`, `name`, `department_id`, `shortened`, `status`) VALUES (25596, 'Quipile', 25, NULL, 'Activo');
INSERT INTO `weber`.`towns` (`id`, `name`, `department_id`, `shortened`, `status`) VALUES (25599, 'Apulo', 25, NULL, 'Activo');
INSERT INTO `weber`.`towns` (`id`, `name`, `department_id`, `shortened`, `status`) VALUES (25612, 'Ricaurte', 25, NULL, 'Activo');
INSERT INTO `weber`.`towns` (`id`, `name`, `department_id`, `shortened`, `status`) VALUES (25645, 'San Antonio del Tequendama', 25, NULL, 'Activo');
INSERT INTO `weber`.`towns` (`id`, `name`, `department_id`, `shortened`, `status`) VALUES (25649, 'San Bernardo', 25, NULL, 'Activo');
INSERT INTO `weber`.`towns` (`id`, `name`, `department_id`, `shortened`, `status`) VALUES (25653, 'San Cayetano', 25, NULL, 'Activo');
INSERT INTO `weber`.`towns` (`id`, `name`, `department_id`, `shortened`, `status`) VALUES (25658, 'San Francisco', 25, NULL, 'Activo');
INSERT INTO `weber`.`towns` (`id`, `name`, `department_id`, `shortened`, `status`) VALUES (25662, 'San Juan de Río Seco', 25, NULL, 'Activo');
INSERT INTO `weber`.`towns` (`id`, `name`, `department_id`, `shortened`, `status`) VALUES (25718, 'Sasaima', 25, NULL, 'Activo');
INSERT INTO `weber`.`towns` (`id`, `name`, `department_id`, `shortened`, `status`) VALUES (25736, 'Sesquilé', 25, NULL, 'Activo');
INSERT INTO `weber`.`towns` (`id`, `name`, `department_id`, `shortened`, `status`) VALUES (25740, 'Sibaté', 25, NULL, 'Activo');
INSERT INTO `weber`.`towns` (`id`, `name`, `department_id`, `shortened`, `status`) VALUES (25743, 'Silvania', 25, NULL, 'Activo');
INSERT INTO `weber`.`towns` (`id`, `name`, `department_id`, `shortened`, `status`) VALUES (25745, 'Simijaca', 25, NULL, 'Activo');
INSERT INTO `weber`.`towns` (`id`, `name`, `department_id`, `shortened`, `status`) VALUES (25754, 'Soacha', 25, NULL, 'Activo');
INSERT INTO `weber`.`towns` (`id`, `name`, `department_id`, `shortened`, `status`) VALUES (25758, 'Sopó', 25, NULL, 'Activo');
INSERT INTO `weber`.`towns` (`id`, `name`, `department_id`, `shortened`, `status`) VALUES (25769, 'Subachoque', 25, NULL, 'Activo');
INSERT INTO `weber`.`towns` (`id`, `name`, `department_id`, `shortened`, `status`) VALUES (25772, 'Suesca', 25, NULL, 'Activo');
INSERT INTO `weber`.`towns` (`id`, `name`, `department_id`, `shortened`, `status`) VALUES (25777, 'Supatá', 25, NULL, 'Activo');
INSERT INTO `weber`.`towns` (`id`, `name`, `department_id`, `shortened`, `status`) VALUES (25779, 'Susa', 25, NULL, 'Activo');
INSERT INTO `weber`.`towns` (`id`, `name`, `department_id`, `shortened`, `status`) VALUES (25781, 'Sutatausa', 25, NULL, 'Activo');
INSERT INTO `weber`.`towns` (`id`, `name`, `department_id`, `shortened`, `status`) VALUES (25785, 'Tabio', 25, NULL, 'Activo');
INSERT INTO `weber`.`towns` (`id`, `name`, `department_id`, `shortened`, `status`) VALUES (25793, 'Tausa', 25, NULL, 'Activo');
INSERT INTO `weber`.`towns` (`id`, `name`, `department_id`, `shortened`, `status`) VALUES (25797, 'Tena', 25, NULL, 'Activo');
INSERT INTO `weber`.`towns` (`id`, `name`, `department_id`, `shortened`, `status`) VALUES (25799, 'Tenjo', 25, NULL, 'Activo');
INSERT INTO `weber`.`towns` (`id`, `name`, `department_id`, `shortened`, `status`) VALUES (25805, 'Tibacuy', 25, NULL, 'Activo');
INSERT INTO `weber`.`towns` (`id`, `name`, `department_id`, `shortened`, `status`) VALUES (25807, 'Tibirita', 25, NULL, 'Activo');
INSERT INTO `weber`.`towns` (`id`, `name`, `department_id`, `shortened`, `status`) VALUES (25815, 'Tocaima', 25, NULL, 'Activo');
INSERT INTO `weber`.`towns` (`id`, `name`, `department_id`, `shortened`, `status`) VALUES (25817, 'Tocancipá', 25, NULL, 'Activo');
INSERT INTO `weber`.`towns` (`id`, `name`, `department_id`, `shortened`, `status`) VALUES (25823, 'Topaipí', 25, NULL, 'Activo');
INSERT INTO `weber`.`towns` (`id`, `name`, `department_id`, `shortened`, `status`) VALUES (25839, 'Ubalá', 25, NULL, 'Activo');
INSERT INTO `weber`.`towns` (`id`, `name`, `department_id`, `shortened`, `status`) VALUES (25841, 'Ubaque', 25, NULL, 'Activo');
INSERT INTO `weber`.`towns` (`id`, `name`, `department_id`, `shortened`, `status`) VALUES (25843, 'Villa De San Diego De Ubate', 25, NULL, 'Activo');
INSERT INTO `weber`.`towns` (`id`, `name`, `department_id`, `shortened`, `status`) VALUES (25845, 'Une', 25, NULL, 'Activo');
INSERT INTO `weber`.`towns` (`id`, `name`, `department_id`, `shortened`, `status`) VALUES (25851, 'Útica', 25, NULL, 'Activo');
INSERT INTO `weber`.`towns` (`id`, `name`, `department_id`, `shortened`, `status`) VALUES (25862, 'Vergara', 25, NULL, 'Activo');
INSERT INTO `weber`.`towns` (`id`, `name`, `department_id`, `shortened`, `status`) VALUES (25867, 'Vianí', 25, NULL, 'Activo');
INSERT INTO `weber`.`towns` (`id`, `name`, `department_id`, `shortened`, `status`) VALUES (25871, 'Villagómez', 25, NULL, 'Activo');
INSERT INTO `weber`.`towns` (`id`, `name`, `department_id`, `shortened`, `status`) VALUES (25873, 'Villapinzón', 25, NULL, 'Activo');
INSERT INTO `weber`.`towns` (`id`, `name`, `department_id`, `shortened`, `status`) VALUES (25875, 'Villeta', 25, NULL, 'Activo');
INSERT INTO `weber`.`towns` (`id`, `name`, `department_id`, `shortened`, `status`) VALUES (25878, 'Viotá', 25, NULL, 'Activo');
INSERT INTO `weber`.`towns` (`id`, `name`, `department_id`, `shortened`, `status`) VALUES (25885, 'Yacopí', 25, NULL, 'Activo');
INSERT INTO `weber`.`towns` (`id`, `name`, `department_id`, `shortened`, `status`) VALUES (25898, 'Zipacón', 25, NULL, 'Activo');
INSERT INTO `weber`.`towns` (`id`, `name`, `department_id`, `shortened`, `status`) VALUES (25899, 'Zipaquirá', 25, NULL, 'Activo');
INSERT INTO `weber`.`towns` (`id`, `name`, `department_id`, `shortened`, `status`) VALUES (27001, 'Quibdó', 27, NULL, 'Activo');
INSERT INTO `weber`.`towns` (`id`, `name`, `department_id`, `shortened`, `status`) VALUES (27006, 'Acandí', 27, NULL, 'Activo');
INSERT INTO `weber`.`towns` (`id`, `name`, `department_id`, `shortened`, `status`) VALUES (27025, 'Alto Baudo', 27, NULL, 'Activo');
INSERT INTO `weber`.`towns` (`id`, `name`, `department_id`, `shortened`, `status`) VALUES (27050, 'Atrato', 27, NULL, 'Activo');
INSERT INTO `weber`.`towns` (`id`, `name`, `department_id`, `shortened`, `status`) VALUES (27073, 'Bagadó', 27, NULL, 'Activo');
INSERT INTO `weber`.`towns` (`id`, `name`, `department_id`, `shortened`, `status`) VALUES (27075, 'Bahía Solano', 27, NULL, 'Activo');
INSERT INTO `weber`.`towns` (`id`, `name`, `department_id`, `shortened`, `status`) VALUES (27077, 'Bajo Baudó', 27, NULL, 'Activo');
INSERT INTO `weber`.`towns` (`id`, `name`, `department_id`, `shortened`, `status`) VALUES (27086, 'Belén de Bajira', 27, NULL, 'Activo');
INSERT INTO `weber`.`towns` (`id`, `name`, `department_id`, `shortened`, `status`) VALUES (27099, 'Bojaya', 27, NULL, 'Activo');
INSERT INTO `weber`.`towns` (`id`, `name`, `department_id`, `shortened`, `status`) VALUES (27135, 'El Cantón del San Pablo', 27, NULL, 'Activo');
INSERT INTO `weber`.`towns` (`id`, `name`, `department_id`, `shortened`, `status`) VALUES (27150, 'Carmen del Darien', 27, NULL, 'Activo');
INSERT INTO `weber`.`towns` (`id`, `name`, `department_id`, `shortened`, `status`) VALUES (27160, 'Cértegui', 27, NULL, 'Activo');
INSERT INTO `weber`.`towns` (`id`, `name`, `department_id`, `shortened`, `status`) VALUES (27205, 'Condoto', 27, NULL, 'Activo');
INSERT INTO `weber`.`towns` (`id`, `name`, `department_id`, `shortened`, `status`) VALUES (27245, 'El Carmen de Atrato', 27, NULL, 'Activo');
INSERT INTO `weber`.`towns` (`id`, `name`, `department_id`, `shortened`, `status`) VALUES (27250, 'El Litoral del San Juan', 27, NULL, 'Activo');
INSERT INTO `weber`.`towns` (`id`, `name`, `department_id`, `shortened`, `status`) VALUES (27361, 'Istmina', 27, NULL, 'Activo');
INSERT INTO `weber`.`towns` (`id`, `name`, `department_id`, `shortened`, `status`) VALUES (27372, 'Juradó', 27, NULL, 'Activo');
INSERT INTO `weber`.`towns` (`id`, `name`, `department_id`, `shortened`, `status`) VALUES (27413, 'Lloró', 27, NULL, 'Activo');
INSERT INTO `weber`.`towns` (`id`, `name`, `department_id`, `shortened`, `status`) VALUES (27425, 'Medio Atrato', 27, NULL, 'Activo');
INSERT INTO `weber`.`towns` (`id`, `name`, `department_id`, `shortened`, `status`) VALUES (27430, 'Medio Baudó', 27, NULL, 'Activo');
INSERT INTO `weber`.`towns` (`id`, `name`, `department_id`, `shortened`, `status`) VALUES (27450, 'Medio San Juan', 27, NULL, 'Activo');
INSERT INTO `weber`.`towns` (`id`, `name`, `department_id`, `shortened`, `status`) VALUES (27491, 'Nóvita', 27, NULL, 'Activo');
INSERT INTO `weber`.`towns` (`id`, `name`, `department_id`, `shortened`, `status`) VALUES (27495, 'Nuquí', 27, NULL, 'Activo');
INSERT INTO `weber`.`towns` (`id`, `name`, `department_id`, `shortened`, `status`) VALUES (27580, 'Río Iro', 27, NULL, 'Activo');
INSERT INTO `weber`.`towns` (`id`, `name`, `department_id`, `shortened`, `status`) VALUES (27600, 'Río Quito', 27, NULL, 'Activo');
INSERT INTO `weber`.`towns` (`id`, `name`, `department_id`, `shortened`, `status`) VALUES (27615, 'Riosucio', 27, NULL, 'Activo');
INSERT INTO `weber`.`towns` (`id`, `name`, `department_id`, `shortened`, `status`) VALUES (27660, 'San José del Palmar', 27, NULL, 'Activo');
INSERT INTO `weber`.`towns` (`id`, `name`, `department_id`, `shortened`, `status`) VALUES (27745, 'Sipí', 27, NULL, 'Activo');
INSERT INTO `weber`.`towns` (`id`, `name`, `department_id`, `shortened`, `status`) VALUES (27787, 'Tadó', 27, NULL, 'Activo');
INSERT INTO `weber`.`towns` (`id`, `name`, `department_id`, `shortened`, `status`) VALUES (27800, 'Unguía', 27, NULL, 'Activo');
INSERT INTO `weber`.`towns` (`id`, `name`, `department_id`, `shortened`, `status`) VALUES (27810, 'Unión Panamericana', 27, NULL, 'Activo');
INSERT INTO `weber`.`towns` (`id`, `name`, `department_id`, `shortened`, `status`) VALUES (41001, 'Neiva', 41, NULL, 'Activo');
INSERT INTO `weber`.`towns` (`id`, `name`, `department_id`, `shortened`, `status`) VALUES (41006, 'Acevedo', 41, NULL, 'Activo');
INSERT INTO `weber`.`towns` (`id`, `name`, `department_id`, `shortened`, `status`) VALUES (41013, 'Agrado', 41, NULL, 'Activo');
INSERT INTO `weber`.`towns` (`id`, `name`, `department_id`, `shortened`, `status`) VALUES (41016, 'Aipe', 41, NULL, 'Activo');
INSERT INTO `weber`.`towns` (`id`, `name`, `department_id`, `shortened`, `status`) VALUES (41020, 'Algeciras', 41, NULL, 'Activo');
INSERT INTO `weber`.`towns` (`id`, `name`, `department_id`, `shortened`, `status`) VALUES (41026, 'Altamira', 41, NULL, 'Activo');
INSERT INTO `weber`.`towns` (`id`, `name`, `department_id`, `shortened`, `status`) VALUES (41078, 'Baraya', 41, NULL, 'Activo');
INSERT INTO `weber`.`towns` (`id`, `name`, `department_id`, `shortened`, `status`) VALUES (41132, 'Campoalegre', 41, NULL, 'Activo');
INSERT INTO `weber`.`towns` (`id`, `name`, `department_id`, `shortened`, `status`) VALUES (41206, 'Colombia', 41, NULL, 'Activo');
INSERT INTO `weber`.`towns` (`id`, `name`, `department_id`, `shortened`, `status`) VALUES (41244, 'Elías', 41, NULL, 'Activo');
INSERT INTO `weber`.`towns` (`id`, `name`, `department_id`, `shortened`, `status`) VALUES (41298, 'Garzón', 41, NULL, 'Activo');
INSERT INTO `weber`.`towns` (`id`, `name`, `department_id`, `shortened`, `status`) VALUES (41306, 'Gigante', 41, NULL, 'Activo');
INSERT INTO `weber`.`towns` (`id`, `name`, `department_id`, `shortened`, `status`) VALUES (41319, 'Guadalupe', 41, NULL, 'Activo');
INSERT INTO `weber`.`towns` (`id`, `name`, `department_id`, `shortened`, `status`) VALUES (41349, 'Hobo', 41, NULL, 'Activo');
INSERT INTO `weber`.`towns` (`id`, `name`, `department_id`, `shortened`, `status`) VALUES (41357, 'Iquira', 41, NULL, 'Activo');
INSERT INTO `weber`.`towns` (`id`, `name`, `department_id`, `shortened`, `status`) VALUES (41359, 'Isnos', 41, NULL, 'Activo');
INSERT INTO `weber`.`towns` (`id`, `name`, `department_id`, `shortened`, `status`) VALUES (41378, 'La Argentina', 41, NULL, 'Activo');
INSERT INTO `weber`.`towns` (`id`, `name`, `department_id`, `shortened`, `status`) VALUES (41396, 'La Plata', 41, NULL, 'Activo');
INSERT INTO `weber`.`towns` (`id`, `name`, `department_id`, `shortened`, `status`) VALUES (41483, 'Nátaga', 41, NULL, 'Activo');
INSERT INTO `weber`.`towns` (`id`, `name`, `department_id`, `shortened`, `status`) VALUES (41503, 'Oporapa', 41, NULL, 'Activo');
INSERT INTO `weber`.`towns` (`id`, `name`, `department_id`, `shortened`, `status`) VALUES (41518, 'Paicol', 41, NULL, 'Activo');
INSERT INTO `weber`.`towns` (`id`, `name`, `department_id`, `shortened`, `status`) VALUES (41524, 'Palermo', 41, NULL, 'Activo');
INSERT INTO `weber`.`towns` (`id`, `name`, `department_id`, `shortened`, `status`) VALUES (41530, 'Palestina', 41, NULL, 'Activo');
INSERT INTO `weber`.`towns` (`id`, `name`, `department_id`, `shortened`, `status`) VALUES (41548, 'Pital', 41, NULL, 'Activo');
INSERT INTO `weber`.`towns` (`id`, `name`, `department_id`, `shortened`, `status`) VALUES (41551, 'Pitalito', 41, NULL, 'Activo');
INSERT INTO `weber`.`towns` (`id`, `name`, `department_id`, `shortened`, `status`) VALUES (41615, 'Rivera', 41, NULL, 'Activo');
INSERT INTO `weber`.`towns` (`id`, `name`, `department_id`, `shortened`, `status`) VALUES (41660, 'Saladoblanco', 41, NULL, 'Activo');
INSERT INTO `weber`.`towns` (`id`, `name`, `department_id`, `shortened`, `status`) VALUES (41668, 'San Agustín', 41, NULL, 'Activo');
INSERT INTO `weber`.`towns` (`id`, `name`, `department_id`, `shortened`, `status`) VALUES (41676, 'Santa María', 41, NULL, 'Activo');
INSERT INTO `weber`.`towns` (`id`, `name`, `department_id`, `shortened`, `status`) VALUES (41770, 'Suaza', 41, NULL, 'Activo');
INSERT INTO `weber`.`towns` (`id`, `name`, `department_id`, `shortened`, `status`) VALUES (41791, 'Tarqui', 41, NULL, 'Activo');
INSERT INTO `weber`.`towns` (`id`, `name`, `department_id`, `shortened`, `status`) VALUES (41797, 'Tesalia', 41, NULL, 'Activo');
INSERT INTO `weber`.`towns` (`id`, `name`, `department_id`, `shortened`, `status`) VALUES (41799, 'Tello', 41, NULL, 'Activo');
INSERT INTO `weber`.`towns` (`id`, `name`, `department_id`, `shortened`, `status`) VALUES (41801, 'Teruel', 41, NULL, 'Activo');
INSERT INTO `weber`.`towns` (`id`, `name`, `department_id`, `shortened`, `status`) VALUES (41807, 'Timaná', 41, NULL, 'Activo');
INSERT INTO `weber`.`towns` (`id`, `name`, `department_id`, `shortened`, `status`) VALUES (41872, 'Villavieja', 41, NULL, 'Activo');
INSERT INTO `weber`.`towns` (`id`, `name`, `department_id`, `shortened`, `status`) VALUES (41885, 'Yaguará', 41, NULL, 'Activo');
INSERT INTO `weber`.`towns` (`id`, `name`, `department_id`, `shortened`, `status`) VALUES (44001, 'Riohacha', 44, NULL, 'Activo');
INSERT INTO `weber`.`towns` (`id`, `name`, `department_id`, `shortened`, `status`) VALUES (44035, 'Albania', 44, NULL, 'Activo');
INSERT INTO `weber`.`towns` (`id`, `name`, `department_id`, `shortened`, `status`) VALUES (44078, 'Barrancas', 44, NULL, 'Activo');
INSERT INTO `weber`.`towns` (`id`, `name`, `department_id`, `shortened`, `status`) VALUES (44090, 'Dibula', 44, NULL, 'Activo');
INSERT INTO `weber`.`towns` (`id`, `name`, `department_id`, `shortened`, `status`) VALUES (44098, 'Distracción', 44, NULL, 'Activo');
INSERT INTO `weber`.`towns` (`id`, `name`, `department_id`, `shortened`, `status`) VALUES (44110, 'El Molino', 44, NULL, 'Activo');
INSERT INTO `weber`.`towns` (`id`, `name`, `department_id`, `shortened`, `status`) VALUES (44279, 'Fonseca', 44, NULL, 'Activo');
INSERT INTO `weber`.`towns` (`id`, `name`, `department_id`, `shortened`, `status`) VALUES (44378, 'Hatonuevo', 44, NULL, 'Activo');
INSERT INTO `weber`.`towns` (`id`, `name`, `department_id`, `shortened`, `status`) VALUES (44420, 'La Jagua del Pilar', 44, NULL, 'Activo');
INSERT INTO `weber`.`towns` (`id`, `name`, `department_id`, `shortened`, `status`) VALUES (44430, 'Maicao', 44, NULL, 'Activo');
INSERT INTO `weber`.`towns` (`id`, `name`, `department_id`, `shortened`, `status`) VALUES (44560, 'Manaure', 44, NULL, 'Activo');
INSERT INTO `weber`.`towns` (`id`, `name`, `department_id`, `shortened`, `status`) VALUES (44650, 'San Juan del Cesar', 44, NULL, 'Activo');
INSERT INTO `weber`.`towns` (`id`, `name`, `department_id`, `shortened`, `status`) VALUES (44847, 'Uribia', 44, NULL, 'Activo');
INSERT INTO `weber`.`towns` (`id`, `name`, `department_id`, `shortened`, `status`) VALUES (44855, 'Urumita', 44, NULL, 'Activo');
INSERT INTO `weber`.`towns` (`id`, `name`, `department_id`, `shortened`, `status`) VALUES (44874, 'Villanueva', 44, NULL, 'Activo');
INSERT INTO `weber`.`towns` (`id`, `name`, `department_id`, `shortened`, `status`) VALUES (47001, 'Santa Marta', 47, NULL, 'Activo');
INSERT INTO `weber`.`towns` (`id`, `name`, `department_id`, `shortened`, `status`) VALUES (47030, 'Algarrobo', 47, NULL, 'Activo');
INSERT INTO `weber`.`towns` (`id`, `name`, `department_id`, `shortened`, `status`) VALUES (47053, 'Aracataca', 47, NULL, 'Activo');
INSERT INTO `weber`.`towns` (`id`, `name`, `department_id`, `shortened`, `status`) VALUES (47058, 'Ariguaní', 47, NULL, 'Activo');
INSERT INTO `weber`.`towns` (`id`, `name`, `department_id`, `shortened`, `status`) VALUES (47161, 'Cerro San Antonio', 47, NULL, 'Activo');
INSERT INTO `weber`.`towns` (`id`, `name`, `department_id`, `shortened`, `status`) VALUES (47170, 'Chivolo', 47, NULL, 'Activo');
INSERT INTO `weber`.`towns` (`id`, `name`, `department_id`, `shortened`, `status`) VALUES (47189, 'Ciénaga', 47, NULL, 'Activo');
INSERT INTO `weber`.`towns` (`id`, `name`, `department_id`, `shortened`, `status`) VALUES (47205, 'Concordia', 47, NULL, 'Activo');
INSERT INTO `weber`.`towns` (`id`, `name`, `department_id`, `shortened`, `status`) VALUES (47245, 'El Banco', 47, NULL, 'Activo');
INSERT INTO `weber`.`towns` (`id`, `name`, `department_id`, `shortened`, `status`) VALUES (47258, 'El Piñon', 47, NULL, 'Activo');
INSERT INTO `weber`.`towns` (`id`, `name`, `department_id`, `shortened`, `status`) VALUES (47268, 'El Retén', 47, NULL, 'Activo');
INSERT INTO `weber`.`towns` (`id`, `name`, `department_id`, `shortened`, `status`) VALUES (47288, 'Fundación', 47, NULL, 'Activo');
INSERT INTO `weber`.`towns` (`id`, `name`, `department_id`, `shortened`, `status`) VALUES (47318, 'Guamal', 47, NULL, 'Activo');
INSERT INTO `weber`.`towns` (`id`, `name`, `department_id`, `shortened`, `status`) VALUES (47460, 'Nueva Granada', 47, NULL, 'Activo');
INSERT INTO `weber`.`towns` (`id`, `name`, `department_id`, `shortened`, `status`) VALUES (47541, 'Pedraza', 47, NULL, 'Activo');
INSERT INTO `weber`.`towns` (`id`, `name`, `department_id`, `shortened`, `status`) VALUES (47545, 'Pijiño del Carmen', 47, NULL, 'Activo');
INSERT INTO `weber`.`towns` (`id`, `name`, `department_id`, `shortened`, `status`) VALUES (47551, 'Pivijay', 47, NULL, 'Activo');
INSERT INTO `weber`.`towns` (`id`, `name`, `department_id`, `shortened`, `status`) VALUES (47555, 'Plato', 47, NULL, 'Activo');
INSERT INTO `weber`.`towns` (`id`, `name`, `department_id`, `shortened`, `status`) VALUES (47570, 'Pueblo Viejo', 47, NULL, 'Activo');
INSERT INTO `weber`.`towns` (`id`, `name`, `department_id`, `shortened`, `status`) VALUES (47605, 'Remolino', 47, NULL, 'Activo');
INSERT INTO `weber`.`towns` (`id`, `name`, `department_id`, `shortened`, `status`) VALUES (47660, 'Sabanas de San Angel', 47, NULL, 'Activo');
INSERT INTO `weber`.`towns` (`id`, `name`, `department_id`, `shortened`, `status`) VALUES (47675, 'Salamina', 47, NULL, 'Activo');
INSERT INTO `weber`.`towns` (`id`, `name`, `department_id`, `shortened`, `status`) VALUES (47692, 'San Sebastián de Buenavista', 47, NULL, 'Activo');
INSERT INTO `weber`.`towns` (`id`, `name`, `department_id`, `shortened`, `status`) VALUES (47703, 'San Zenón', 47, NULL, 'Activo');
INSERT INTO `weber`.`towns` (`id`, `name`, `department_id`, `shortened`, `status`) VALUES (47707, 'Santa Ana', 47, NULL, 'Activo');
INSERT INTO `weber`.`towns` (`id`, `name`, `department_id`, `shortened`, `status`) VALUES (47720, 'Santa Bárbara de Pinto', 47, NULL, 'Activo');
INSERT INTO `weber`.`towns` (`id`, `name`, `department_id`, `shortened`, `status`) VALUES (47745, 'Sitionuevo', 47, NULL, 'Activo');
INSERT INTO `weber`.`towns` (`id`, `name`, `department_id`, `shortened`, `status`) VALUES (47798, 'Tenerife', 47, NULL, 'Activo');
INSERT INTO `weber`.`towns` (`id`, `name`, `department_id`, `shortened`, `status`) VALUES (47960, 'Zapayán', 47, NULL, 'Activo');
INSERT INTO `weber`.`towns` (`id`, `name`, `department_id`, `shortened`, `status`) VALUES (47980, 'Zona Bananera', 47, NULL, 'Activo');
INSERT INTO `weber`.`towns` (`id`, `name`, `department_id`, `shortened`, `status`) VALUES (50001, 'Villavicencio', 50, NULL, 'Activo');
INSERT INTO `weber`.`towns` (`id`, `name`, `department_id`, `shortened`, `status`) VALUES (50006, 'Acacias', 50, NULL, 'Activo');
INSERT INTO `weber`.`towns` (`id`, `name`, `department_id`, `shortened`, `status`) VALUES (50110, 'Barranca de Upía', 50, NULL, 'Activo');
INSERT INTO `weber`.`towns` (`id`, `name`, `department_id`, `shortened`, `status`) VALUES (50124, 'Cabuyaro', 50, NULL, 'Activo');
INSERT INTO `weber`.`towns` (`id`, `name`, `department_id`, `shortened`, `status`) VALUES (50150, 'Castilla la Nueva', 50, NULL, 'Activo');
INSERT INTO `weber`.`towns` (`id`, `name`, `department_id`, `shortened`, `status`) VALUES (50223, 'Cubarral', 50, NULL, 'Activo');
INSERT INTO `weber`.`towns` (`id`, `name`, `department_id`, `shortened`, `status`) VALUES (50226, 'Cumaral', 50, NULL, 'Activo');
INSERT INTO `weber`.`towns` (`id`, `name`, `department_id`, `shortened`, `status`) VALUES (50245, 'El Calvario', 50, NULL, 'Activo');
INSERT INTO `weber`.`towns` (`id`, `name`, `department_id`, `shortened`, `status`) VALUES (50251, 'El Castillo', 50, NULL, 'Activo');
INSERT INTO `weber`.`towns` (`id`, `name`, `department_id`, `shortened`, `status`) VALUES (50270, 'El Dorado', 50, NULL, 'Activo');
INSERT INTO `weber`.`towns` (`id`, `name`, `department_id`, `shortened`, `status`) VALUES (50287, 'Fuente de Oro', 50, NULL, 'Activo');
INSERT INTO `weber`.`towns` (`id`, `name`, `department_id`, `shortened`, `status`) VALUES (50313, 'Granada', 50, NULL, 'Activo');
INSERT INTO `weber`.`towns` (`id`, `name`, `department_id`, `shortened`, `status`) VALUES (50318, 'Guamal', 50, NULL, 'Activo');
INSERT INTO `weber`.`towns` (`id`, `name`, `department_id`, `shortened`, `status`) VALUES (50325, 'Mapiripán', 50, NULL, 'Activo');
INSERT INTO `weber`.`towns` (`id`, `name`, `department_id`, `shortened`, `status`) VALUES (50330, 'Mesetas', 50, NULL, 'Activo');
INSERT INTO `weber`.`towns` (`id`, `name`, `department_id`, `shortened`, `status`) VALUES (50350, 'La Macarena', 50, NULL, 'Activo');
INSERT INTO `weber`.`towns` (`id`, `name`, `department_id`, `shortened`, `status`) VALUES (50370, 'Uribe', 50, NULL, 'Activo');
INSERT INTO `weber`.`towns` (`id`, `name`, `department_id`, `shortened`, `status`) VALUES (50400, 'Lejanías', 50, NULL, 'Activo');
INSERT INTO `weber`.`towns` (`id`, `name`, `department_id`, `shortened`, `status`) VALUES (50450, 'Puerto Concordia', 50, NULL, 'Activo');
INSERT INTO `weber`.`towns` (`id`, `name`, `department_id`, `shortened`, `status`) VALUES (50568, 'Puerto Gaitán', 50, NULL, 'Activo');
INSERT INTO `weber`.`towns` (`id`, `name`, `department_id`, `shortened`, `status`) VALUES (50573, 'Puerto López', 50, NULL, 'Activo');
INSERT INTO `weber`.`towns` (`id`, `name`, `department_id`, `shortened`, `status`) VALUES (50577, 'Puerto Lleras', 50, NULL, 'Activo');
INSERT INTO `weber`.`towns` (`id`, `name`, `department_id`, `shortened`, `status`) VALUES (50590, 'Puerto Rico', 50, NULL, 'Activo');
INSERT INTO `weber`.`towns` (`id`, `name`, `department_id`, `shortened`, `status`) VALUES (50606, 'Restrepo', 50, NULL, 'Activo');
INSERT INTO `weber`.`towns` (`id`, `name`, `department_id`, `shortened`, `status`) VALUES (50680, 'San Carlos de Guaroa', 50, NULL, 'Activo');
INSERT INTO `weber`.`towns` (`id`, `name`, `department_id`, `shortened`, `status`) VALUES (50683, 'San Juan de Arama', 50, NULL, 'Activo');
INSERT INTO `weber`.`towns` (`id`, `name`, `department_id`, `shortened`, `status`) VALUES (50686, 'San Juanito', 50, NULL, 'Activo');
INSERT INTO `weber`.`towns` (`id`, `name`, `department_id`, `shortened`, `status`) VALUES (50689, 'San Martín', 50, NULL, 'Activo');
INSERT INTO `weber`.`towns` (`id`, `name`, `department_id`, `shortened`, `status`) VALUES (50711, 'Vista Hermosa', 50, NULL, 'Activo');
INSERT INTO `weber`.`towns` (`id`, `name`, `department_id`, `shortened`, `status`) VALUES (52001, 'Pasto', 52, NULL, 'Activo');
INSERT INTO `weber`.`towns` (`id`, `name`, `department_id`, `shortened`, `status`) VALUES (52019, 'Albán', 52, NULL, 'Activo');
INSERT INTO `weber`.`towns` (`id`, `name`, `department_id`, `shortened`, `status`) VALUES (52022, 'Aldana', 52, NULL, 'Activo');
INSERT INTO `weber`.`towns` (`id`, `name`, `department_id`, `shortened`, `status`) VALUES (52036, 'Ancuyá', 52, NULL, 'Activo');
INSERT INTO `weber`.`towns` (`id`, `name`, `department_id`, `shortened`, `status`) VALUES (52051, 'Arboleda', 52, NULL, 'Activo');
INSERT INTO `weber`.`towns` (`id`, `name`, `department_id`, `shortened`, `status`) VALUES (52079, 'Barbacoas', 52, NULL, 'Activo');
INSERT INTO `weber`.`towns` (`id`, `name`, `department_id`, `shortened`, `status`) VALUES (52083, 'Belén', 52, NULL, 'Activo');
INSERT INTO `weber`.`towns` (`id`, `name`, `department_id`, `shortened`, `status`) VALUES (52110, 'Buesaco', 52, NULL, 'Activo');
INSERT INTO `weber`.`towns` (`id`, `name`, `department_id`, `shortened`, `status`) VALUES (52203, 'Colón', 52, NULL, 'Activo');
INSERT INTO `weber`.`towns` (`id`, `name`, `department_id`, `shortened`, `status`) VALUES (52207, 'Consaca', 52, NULL, 'Activo');
INSERT INTO `weber`.`towns` (`id`, `name`, `department_id`, `shortened`, `status`) VALUES (52210, 'Contadero', 52, NULL, 'Activo');
INSERT INTO `weber`.`towns` (`id`, `name`, `department_id`, `shortened`, `status`) VALUES (52215, 'Córdoba', 52, NULL, 'Activo');
INSERT INTO `weber`.`towns` (`id`, `name`, `department_id`, `shortened`, `status`) VALUES (52224, 'Cuaspud', 52, NULL, 'Activo');
INSERT INTO `weber`.`towns` (`id`, `name`, `department_id`, `shortened`, `status`) VALUES (52227, 'Cumbal', 52, NULL, 'Activo');
INSERT INTO `weber`.`towns` (`id`, `name`, `department_id`, `shortened`, `status`) VALUES (52233, 'Cumbitara', 52, NULL, 'Activo');
INSERT INTO `weber`.`towns` (`id`, `name`, `department_id`, `shortened`, `status`) VALUES (52240, 'Chachagüí', 52, NULL, 'Activo');
INSERT INTO `weber`.`towns` (`id`, `name`, `department_id`, `shortened`, `status`) VALUES (52250, 'El Charco', 52, NULL, 'Activo');
INSERT INTO `weber`.`towns` (`id`, `name`, `department_id`, `shortened`, `status`) VALUES (52254, 'El Peñol', 52, NULL, 'Activo');
INSERT INTO `weber`.`towns` (`id`, `name`, `department_id`, `shortened`, `status`) VALUES (52256, 'El Rosario', 52, NULL, 'Activo');
INSERT INTO `weber`.`towns` (`id`, `name`, `department_id`, `shortened`, `status`) VALUES (52258, 'El Tablón de Gómez', 52, NULL, 'Activo');
INSERT INTO `weber`.`towns` (`id`, `name`, `department_id`, `shortened`, `status`) VALUES (52260, 'El Tambo', 52, NULL, 'Activo');
INSERT INTO `weber`.`towns` (`id`, `name`, `department_id`, `shortened`, `status`) VALUES (52287, 'Funes', 52, NULL, 'Activo');
INSERT INTO `weber`.`towns` (`id`, `name`, `department_id`, `shortened`, `status`) VALUES (52317, 'Guachucal', 52, NULL, 'Activo');
INSERT INTO `weber`.`towns` (`id`, `name`, `department_id`, `shortened`, `status`) VALUES (52320, 'Guaitarilla', 52, NULL, 'Activo');
INSERT INTO `weber`.`towns` (`id`, `name`, `department_id`, `shortened`, `status`) VALUES (52323, 'Gualmatán', 52, NULL, 'Activo');
INSERT INTO `weber`.`towns` (`id`, `name`, `department_id`, `shortened`, `status`) VALUES (52352, 'Iles', 52, NULL, 'Activo');
INSERT INTO `weber`.`towns` (`id`, `name`, `department_id`, `shortened`, `status`) VALUES (52354, 'Imués', 52, NULL, 'Activo');
INSERT INTO `weber`.`towns` (`id`, `name`, `department_id`, `shortened`, `status`) VALUES (52356, 'Ipiales', 52, NULL, 'Activo');
INSERT INTO `weber`.`towns` (`id`, `name`, `department_id`, `shortened`, `status`) VALUES (52378, 'La Cruz', 52, NULL, 'Activo');
INSERT INTO `weber`.`towns` (`id`, `name`, `department_id`, `shortened`, `status`) VALUES (52381, 'La Florida', 52, NULL, 'Activo');
INSERT INTO `weber`.`towns` (`id`, `name`, `department_id`, `shortened`, `status`) VALUES (52385, 'La Llanada', 52, NULL, 'Activo');
INSERT INTO `weber`.`towns` (`id`, `name`, `department_id`, `shortened`, `status`) VALUES (52390, 'La Tola', 52, NULL, 'Activo');
INSERT INTO `weber`.`towns` (`id`, `name`, `department_id`, `shortened`, `status`) VALUES (52399, 'La Unión', 52, NULL, 'Activo');
INSERT INTO `weber`.`towns` (`id`, `name`, `department_id`, `shortened`, `status`) VALUES (52405, 'Leiva', 52, NULL, 'Activo');
INSERT INTO `weber`.`towns` (`id`, `name`, `department_id`, `shortened`, `status`) VALUES (52411, 'Linares', 52, NULL, 'Activo');
INSERT INTO `weber`.`towns` (`id`, `name`, `department_id`, `shortened`, `status`) VALUES (52418, 'Los Andes', 52, NULL, 'Activo');
INSERT INTO `weber`.`towns` (`id`, `name`, `department_id`, `shortened`, `status`) VALUES (52427, 'Magüí', 52, NULL, 'Activo');
INSERT INTO `weber`.`towns` (`id`, `name`, `department_id`, `shortened`, `status`) VALUES (52435, 'Mallama', 52, NULL, 'Activo');
INSERT INTO `weber`.`towns` (`id`, `name`, `department_id`, `shortened`, `status`) VALUES (52473, 'Mosquera', 52, NULL, 'Activo');
INSERT INTO `weber`.`towns` (`id`, `name`, `department_id`, `shortened`, `status`) VALUES (52480, 'Nariño', 52, NULL, 'Activo');
INSERT INTO `weber`.`towns` (`id`, `name`, `department_id`, `shortened`, `status`) VALUES (52490, 'Olaya Herrera', 52, NULL, 'Activo');
INSERT INTO `weber`.`towns` (`id`, `name`, `department_id`, `shortened`, `status`) VALUES (52506, 'Ospina', 52, NULL, 'Activo');
INSERT INTO `weber`.`towns` (`id`, `name`, `department_id`, `shortened`, `status`) VALUES (52520, 'Francisco Pizarro', 52, NULL, 'Activo');
INSERT INTO `weber`.`towns` (`id`, `name`, `department_id`, `shortened`, `status`) VALUES (52540, 'Policarpa', 52, NULL, 'Activo');
INSERT INTO `weber`.`towns` (`id`, `name`, `department_id`, `shortened`, `status`) VALUES (52560, 'Potosí', 52, NULL, 'Activo');
INSERT INTO `weber`.`towns` (`id`, `name`, `department_id`, `shortened`, `status`) VALUES (52565, 'Providencia', 52, NULL, 'Activo');
INSERT INTO `weber`.`towns` (`id`, `name`, `department_id`, `shortened`, `status`) VALUES (52573, 'Puerres', 52, NULL, 'Activo');
INSERT INTO `weber`.`towns` (`id`, `name`, `department_id`, `shortened`, `status`) VALUES (52585, 'Pupiales', 52, NULL, 'Activo');
INSERT INTO `weber`.`towns` (`id`, `name`, `department_id`, `shortened`, `status`) VALUES (52612, 'Ricaurte', 52, NULL, 'Activo');
INSERT INTO `weber`.`towns` (`id`, `name`, `department_id`, `shortened`, `status`) VALUES (52621, 'Roberto Payán', 52, NULL, 'Activo');
INSERT INTO `weber`.`towns` (`id`, `name`, `department_id`, `shortened`, `status`) VALUES (52678, 'Samaniego', 52, NULL, 'Activo');
INSERT INTO `weber`.`towns` (`id`, `name`, `department_id`, `shortened`, `status`) VALUES (52683, 'Sandoná', 52, NULL, 'Activo');
INSERT INTO `weber`.`towns` (`id`, `name`, `department_id`, `shortened`, `status`) VALUES (52685, 'San Bernardo', 52, NULL, 'Activo');
INSERT INTO `weber`.`towns` (`id`, `name`, `department_id`, `shortened`, `status`) VALUES (52687, 'San Lorenzo', 52, NULL, 'Activo');
INSERT INTO `weber`.`towns` (`id`, `name`, `department_id`, `shortened`, `status`) VALUES (52693, 'San Pablo', 52, NULL, 'Activo');
INSERT INTO `weber`.`towns` (`id`, `name`, `department_id`, `shortened`, `status`) VALUES (52694, 'San Pedro de Cartago', 52, NULL, 'Activo');
INSERT INTO `weber`.`towns` (`id`, `name`, `department_id`, `shortened`, `status`) VALUES (52696, 'Santa Bárbara', 52, NULL, 'Activo');
INSERT INTO `weber`.`towns` (`id`, `name`, `department_id`, `shortened`, `status`) VALUES (52699, 'Santacruz', 52, NULL, 'Activo');
INSERT INTO `weber`.`towns` (`id`, `name`, `department_id`, `shortened`, `status`) VALUES (52720, 'Sapuyes', 52, NULL, 'Activo');
INSERT INTO `weber`.`towns` (`id`, `name`, `department_id`, `shortened`, `status`) VALUES (52786, 'Taminango', 52, NULL, 'Activo');
INSERT INTO `weber`.`towns` (`id`, `name`, `department_id`, `shortened`, `status`) VALUES (52788, 'Tangua', 52, NULL, 'Activo');
INSERT INTO `weber`.`towns` (`id`, `name`, `department_id`, `shortened`, `status`) VALUES (52835, 'San Andrés de Tumaco', 52, NULL, 'Activo');
INSERT INTO `weber`.`towns` (`id`, `name`, `department_id`, `shortened`, `status`) VALUES (52838, 'Túquerres', 52, NULL, 'Activo');
INSERT INTO `weber`.`towns` (`id`, `name`, `department_id`, `shortened`, `status`) VALUES (52885, 'Yacuanquer', 52, NULL, 'Activo');
INSERT INTO `weber`.`towns` (`id`, `name`, `department_id`, `shortened`, `status`) VALUES (54001, 'Cúcuta', 54, NULL, 'Activo');
INSERT INTO `weber`.`towns` (`id`, `name`, `department_id`, `shortened`, `status`) VALUES (54003, 'Abrego', 54, NULL, 'Activo');
INSERT INTO `weber`.`towns` (`id`, `name`, `department_id`, `shortened`, `status`) VALUES (54051, 'Arboledas', 54, NULL, 'Activo');
INSERT INTO `weber`.`towns` (`id`, `name`, `department_id`, `shortened`, `status`) VALUES (54099, 'Bochalema', 54, NULL, 'Activo');
INSERT INTO `weber`.`towns` (`id`, `name`, `department_id`, `shortened`, `status`) VALUES (54109, 'Bucarasica', 54, NULL, 'Activo');
INSERT INTO `weber`.`towns` (`id`, `name`, `department_id`, `shortened`, `status`) VALUES (54125, 'Cácota', 54, NULL, 'Activo');
INSERT INTO `weber`.`towns` (`id`, `name`, `department_id`, `shortened`, `status`) VALUES (54128, 'Cachirá', 54, NULL, 'Activo');
INSERT INTO `weber`.`towns` (`id`, `name`, `department_id`, `shortened`, `status`) VALUES (54172, 'Chinácota', 54, NULL, 'Activo');
INSERT INTO `weber`.`towns` (`id`, `name`, `department_id`, `shortened`, `status`) VALUES (54174, 'Chitagá', 54, NULL, 'Activo');
INSERT INTO `weber`.`towns` (`id`, `name`, `department_id`, `shortened`, `status`) VALUES (54206, 'Convención', 54, NULL, 'Activo');
INSERT INTO `weber`.`towns` (`id`, `name`, `department_id`, `shortened`, `status`) VALUES (54223, 'Cucutilla', 54, NULL, 'Activo');
INSERT INTO `weber`.`towns` (`id`, `name`, `department_id`, `shortened`, `status`) VALUES (54239, 'Durania', 54, NULL, 'Activo');
INSERT INTO `weber`.`towns` (`id`, `name`, `department_id`, `shortened`, `status`) VALUES (54245, 'El Carmen', 54, NULL, 'Activo');
INSERT INTO `weber`.`towns` (`id`, `name`, `department_id`, `shortened`, `status`) VALUES (54250, 'El Tarra', 54, NULL, 'Activo');
INSERT INTO `weber`.`towns` (`id`, `name`, `department_id`, `shortened`, `status`) VALUES (54261, 'El Zulia', 54, NULL, 'Activo');
INSERT INTO `weber`.`towns` (`id`, `name`, `department_id`, `shortened`, `status`) VALUES (54313, 'Gramalote', 54, NULL, 'Activo');
INSERT INTO `weber`.`towns` (`id`, `name`, `department_id`, `shortened`, `status`) VALUES (54344, 'Hacarí', 54, NULL, 'Activo');
INSERT INTO `weber`.`towns` (`id`, `name`, `department_id`, `shortened`, `status`) VALUES (54347, 'Herrán', 54, NULL, 'Activo');
INSERT INTO `weber`.`towns` (`id`, `name`, `department_id`, `shortened`, `status`) VALUES (54377, 'Labateca', 54, NULL, 'Activo');
INSERT INTO `weber`.`towns` (`id`, `name`, `department_id`, `shortened`, `status`) VALUES (54385, 'La Esperanza', 54, NULL, 'Activo');
INSERT INTO `weber`.`towns` (`id`, `name`, `department_id`, `shortened`, `status`) VALUES (54398, 'La Playa', 54, NULL, 'Activo');
INSERT INTO `weber`.`towns` (`id`, `name`, `department_id`, `shortened`, `status`) VALUES (54405, 'Los Patios', 54, NULL, 'Activo');
INSERT INTO `weber`.`towns` (`id`, `name`, `department_id`, `shortened`, `status`) VALUES (54418, 'Lourdes', 54, NULL, 'Activo');
INSERT INTO `weber`.`towns` (`id`, `name`, `department_id`, `shortened`, `status`) VALUES (54480, 'Mutiscua', 54, NULL, 'Activo');
INSERT INTO `weber`.`towns` (`id`, `name`, `department_id`, `shortened`, `status`) VALUES (54498, 'Ocaña', 54, NULL, 'Activo');
INSERT INTO `weber`.`towns` (`id`, `name`, `department_id`, `shortened`, `status`) VALUES (54518, 'Pamplona', 54, NULL, 'Activo');
INSERT INTO `weber`.`towns` (`id`, `name`, `department_id`, `shortened`, `status`) VALUES (54520, 'Pamplonita', 54, NULL, 'Activo');
INSERT INTO `weber`.`towns` (`id`, `name`, `department_id`, `shortened`, `status`) VALUES (54553, 'Puerto Santander', 54, NULL, 'Activo');
INSERT INTO `weber`.`towns` (`id`, `name`, `department_id`, `shortened`, `status`) VALUES (54599, 'Ragonvalia', 54, NULL, 'Activo');
INSERT INTO `weber`.`towns` (`id`, `name`, `department_id`, `shortened`, `status`) VALUES (54660, 'Salazar', 54, NULL, 'Activo');
INSERT INTO `weber`.`towns` (`id`, `name`, `department_id`, `shortened`, `status`) VALUES (54670, 'San Calixto', 54, NULL, 'Activo');
INSERT INTO `weber`.`towns` (`id`, `name`, `department_id`, `shortened`, `status`) VALUES (54673, 'San Cayetano', 54, NULL, 'Activo');
INSERT INTO `weber`.`towns` (`id`, `name`, `department_id`, `shortened`, `status`) VALUES (54680, 'Santiago', 54, NULL, 'Activo');
INSERT INTO `weber`.`towns` (`id`, `name`, `department_id`, `shortened`, `status`) VALUES (54720, 'Sardinata', 54, NULL, 'Activo');
INSERT INTO `weber`.`towns` (`id`, `name`, `department_id`, `shortened`, `status`) VALUES (54743, 'Silos', 54, NULL, 'Activo');
INSERT INTO `weber`.`towns` (`id`, `name`, `department_id`, `shortened`, `status`) VALUES (54800, 'Teorama', 54, NULL, 'Activo');
INSERT INTO `weber`.`towns` (`id`, `name`, `department_id`, `shortened`, `status`) VALUES (54810, 'Tibú', 54, NULL, 'Activo');
INSERT INTO `weber`.`towns` (`id`, `name`, `department_id`, `shortened`, `status`) VALUES (54820, 'Toledo', 54, NULL, 'Activo');
INSERT INTO `weber`.`towns` (`id`, `name`, `department_id`, `shortened`, `status`) VALUES (54871, 'Villa Caro', 54, NULL, 'Activo');
INSERT INTO `weber`.`towns` (`id`, `name`, `department_id`, `shortened`, `status`) VALUES (54874, 'Villa del Rosario', 54, NULL, 'Activo');
INSERT INTO `weber`.`towns` (`id`, `name`, `department_id`, `shortened`, `status`) VALUES (63001, 'Armenia', 63, NULL, 'Activo');
INSERT INTO `weber`.`towns` (`id`, `name`, `department_id`, `shortened`, `status`) VALUES (63111, 'Buenavista', 63, NULL, 'Activo');
INSERT INTO `weber`.`towns` (`id`, `name`, `department_id`, `shortened`, `status`) VALUES (63130, 'Calarcá', 63, NULL, 'Activo');
INSERT INTO `weber`.`towns` (`id`, `name`, `department_id`, `shortened`, `status`) VALUES (63190, 'Circasia', 63, NULL, 'Activo');
INSERT INTO `weber`.`towns` (`id`, `name`, `department_id`, `shortened`, `status`) VALUES (63212, 'Córdoba', 63, NULL, 'Activo');
INSERT INTO `weber`.`towns` (`id`, `name`, `department_id`, `shortened`, `status`) VALUES (63272, 'Filandia', 63, NULL, 'Activo');
INSERT INTO `weber`.`towns` (`id`, `name`, `department_id`, `shortened`, `status`) VALUES (63302, 'Génova', 63, NULL, 'Activo');
INSERT INTO `weber`.`towns` (`id`, `name`, `department_id`, `shortened`, `status`) VALUES (63401, 'La Tebaida', 63, NULL, 'Activo');
INSERT INTO `weber`.`towns` (`id`, `name`, `department_id`, `shortened`, `status`) VALUES (63470, 'Montenegro', 63, NULL, 'Activo');
INSERT INTO `weber`.`towns` (`id`, `name`, `department_id`, `shortened`, `status`) VALUES (63548, 'Pijao', 63, NULL, 'Activo');
INSERT INTO `weber`.`towns` (`id`, `name`, `department_id`, `shortened`, `status`) VALUES (63594, 'Quimbaya', 63, NULL, 'Activo');
INSERT INTO `weber`.`towns` (`id`, `name`, `department_id`, `shortened`, `status`) VALUES (63690, 'Salento', 63, NULL, 'Activo');
INSERT INTO `weber`.`towns` (`id`, `name`, `department_id`, `shortened`, `status`) VALUES (66001, 'Pereira', 66, NULL, 'Activo');
INSERT INTO `weber`.`towns` (`id`, `name`, `department_id`, `shortened`, `status`) VALUES (66045, 'Apía', 66, NULL, 'Activo');
INSERT INTO `weber`.`towns` (`id`, `name`, `department_id`, `shortened`, `status`) VALUES (66075, 'Balboa', 66, NULL, 'Activo');
INSERT INTO `weber`.`towns` (`id`, `name`, `department_id`, `shortened`, `status`) VALUES (66088, 'Belén de Umbría', 66, NULL, 'Activo');
INSERT INTO `weber`.`towns` (`id`, `name`, `department_id`, `shortened`, `status`) VALUES (66170, 'Dosquebradas', 66, NULL, 'Activo');
INSERT INTO `weber`.`towns` (`id`, `name`, `department_id`, `shortened`, `status`) VALUES (66318, 'Guática', 66, NULL, 'Activo');
INSERT INTO `weber`.`towns` (`id`, `name`, `department_id`, `shortened`, `status`) VALUES (66383, 'La Celia', 66, NULL, 'Activo');
INSERT INTO `weber`.`towns` (`id`, `name`, `department_id`, `shortened`, `status`) VALUES (66400, 'La Virginia', 66, NULL, 'Activo');
INSERT INTO `weber`.`towns` (`id`, `name`, `department_id`, `shortened`, `status`) VALUES (66440, 'Marsella', 66, NULL, 'Activo');
INSERT INTO `weber`.`towns` (`id`, `name`, `department_id`, `shortened`, `status`) VALUES (66456, 'Mistrató', 66, NULL, 'Activo');
INSERT INTO `weber`.`towns` (`id`, `name`, `department_id`, `shortened`, `status`) VALUES (66572, 'Pueblo Rico', 66, NULL, 'Activo');
INSERT INTO `weber`.`towns` (`id`, `name`, `department_id`, `shortened`, `status`) VALUES (66594, 'Quinchía', 66, NULL, 'Activo');
INSERT INTO `weber`.`towns` (`id`, `name`, `department_id`, `shortened`, `status`) VALUES (66682, 'Santa Rosa de Cabal', 66, NULL, 'Activo');
INSERT INTO `weber`.`towns` (`id`, `name`, `department_id`, `shortened`, `status`) VALUES (66687, 'Santuario', 66, NULL, 'Activo');
INSERT INTO `weber`.`towns` (`id`, `name`, `department_id`, `shortened`, `status`) VALUES (68001, 'Bucaramanga', 68, NULL, 'Activo');
INSERT INTO `weber`.`towns` (`id`, `name`, `department_id`, `shortened`, `status`) VALUES (68013, 'Aguada', 68, NULL, 'Activo');
INSERT INTO `weber`.`towns` (`id`, `name`, `department_id`, `shortened`, `status`) VALUES (68020, 'Albania', 68, NULL, 'Activo');
INSERT INTO `weber`.`towns` (`id`, `name`, `department_id`, `shortened`, `status`) VALUES (68051, 'Aratoca', 68, NULL, 'Activo');
INSERT INTO `weber`.`towns` (`id`, `name`, `department_id`, `shortened`, `status`) VALUES (68077, 'Barbosa', 68, NULL, 'Activo');
INSERT INTO `weber`.`towns` (`id`, `name`, `department_id`, `shortened`, `status`) VALUES (68079, 'Barichara', 68, NULL, 'Activo');
INSERT INTO `weber`.`towns` (`id`, `name`, `department_id`, `shortened`, `status`) VALUES (68081, 'Barrancabermeja', 68, NULL, 'Activo');
INSERT INTO `weber`.`towns` (`id`, `name`, `department_id`, `shortened`, `status`) VALUES (68092, 'Betulia', 68, NULL, 'Activo');
INSERT INTO `weber`.`towns` (`id`, `name`, `department_id`, `shortened`, `status`) VALUES (68101, 'Bolívar', 68, NULL, 'Activo');
INSERT INTO `weber`.`towns` (`id`, `name`, `department_id`, `shortened`, `status`) VALUES (68121, 'Cabrera', 68, NULL, 'Activo');
INSERT INTO `weber`.`towns` (`id`, `name`, `department_id`, `shortened`, `status`) VALUES (68132, 'California', 68, NULL, 'Activo');
INSERT INTO `weber`.`towns` (`id`, `name`, `department_id`, `shortened`, `status`) VALUES (68147, 'Capitanejo', 68, NULL, 'Activo');
INSERT INTO `weber`.`towns` (`id`, `name`, `department_id`, `shortened`, `status`) VALUES (68152, 'Carcasí', 68, NULL, 'Activo');
INSERT INTO `weber`.`towns` (`id`, `name`, `department_id`, `shortened`, `status`) VALUES (68160, 'Cepitá', 68, NULL, 'Activo');
INSERT INTO `weber`.`towns` (`id`, `name`, `department_id`, `shortened`, `status`) VALUES (68162, 'Cerrito', 68, NULL, 'Activo');
INSERT INTO `weber`.`towns` (`id`, `name`, `department_id`, `shortened`, `status`) VALUES (68167, 'Charalá', 68, NULL, 'Activo');
INSERT INTO `weber`.`towns` (`id`, `name`, `department_id`, `shortened`, `status`) VALUES (68169, 'Charta', 68, NULL, 'Activo');
INSERT INTO `weber`.`towns` (`id`, `name`, `department_id`, `shortened`, `status`) VALUES (68176, 'Chimá', 68, NULL, 'Activo');
INSERT INTO `weber`.`towns` (`id`, `name`, `department_id`, `shortened`, `status`) VALUES (68179, 'Chipatá', 68, NULL, 'Activo');
INSERT INTO `weber`.`towns` (`id`, `name`, `department_id`, `shortened`, `status`) VALUES (68190, 'Cimitarra', 68, NULL, 'Activo');
INSERT INTO `weber`.`towns` (`id`, `name`, `department_id`, `shortened`, `status`) VALUES (68207, 'Concepción', 68, NULL, 'Activo');
INSERT INTO `weber`.`towns` (`id`, `name`, `department_id`, `shortened`, `status`) VALUES (68209, 'Confines', 68, NULL, 'Activo');
INSERT INTO `weber`.`towns` (`id`, `name`, `department_id`, `shortened`, `status`) VALUES (68211, 'Contratación', 68, NULL, 'Activo');
INSERT INTO `weber`.`towns` (`id`, `name`, `department_id`, `shortened`, `status`) VALUES (68217, 'Coromoro', 68, NULL, 'Activo');
INSERT INTO `weber`.`towns` (`id`, `name`, `department_id`, `shortened`, `status`) VALUES (68229, 'Curití', 68, NULL, 'Activo');
INSERT INTO `weber`.`towns` (`id`, `name`, `department_id`, `shortened`, `status`) VALUES (68235, 'El Carmen de Chucurí', 68, NULL, 'Activo');
INSERT INTO `weber`.`towns` (`id`, `name`, `department_id`, `shortened`, `status`) VALUES (68245, 'El Guacamayo', 68, NULL, 'Activo');
INSERT INTO `weber`.`towns` (`id`, `name`, `department_id`, `shortened`, `status`) VALUES (68250, 'El Peñón', 68, NULL, 'Activo');
INSERT INTO `weber`.`towns` (`id`, `name`, `department_id`, `shortened`, `status`) VALUES (68255, 'El Playón', 68, NULL, 'Activo');
INSERT INTO `weber`.`towns` (`id`, `name`, `department_id`, `shortened`, `status`) VALUES (68264, 'Encino', 68, NULL, 'Activo');
INSERT INTO `weber`.`towns` (`id`, `name`, `department_id`, `shortened`, `status`) VALUES (68266, 'Enciso', 68, NULL, 'Activo');
INSERT INTO `weber`.`towns` (`id`, `name`, `department_id`, `shortened`, `status`) VALUES (68271, 'Florián', 68, NULL, 'Activo');
INSERT INTO `weber`.`towns` (`id`, `name`, `department_id`, `shortened`, `status`) VALUES (68276, 'Floridablanca', 68, NULL, 'Activo');
INSERT INTO `weber`.`towns` (`id`, `name`, `department_id`, `shortened`, `status`) VALUES (68296, 'Galán', 68, NULL, 'Activo');
INSERT INTO `weber`.`towns` (`id`, `name`, `department_id`, `shortened`, `status`) VALUES (68298, 'Gambita', 68, NULL, 'Activo');
INSERT INTO `weber`.`towns` (`id`, `name`, `department_id`, `shortened`, `status`) VALUES (68307, 'Girón', 68, NULL, 'Activo');
INSERT INTO `weber`.`towns` (`id`, `name`, `department_id`, `shortened`, `status`) VALUES (68318, 'Guaca', 68, NULL, 'Activo');
INSERT INTO `weber`.`towns` (`id`, `name`, `department_id`, `shortened`, `status`) VALUES (68320, 'Guadalupe', 68, NULL, 'Activo');
INSERT INTO `weber`.`towns` (`id`, `name`, `department_id`, `shortened`, `status`) VALUES (68322, 'Guapotá', 68, NULL, 'Activo');
INSERT INTO `weber`.`towns` (`id`, `name`, `department_id`, `shortened`, `status`) VALUES (68324, 'Guavatá', 68, NULL, 'Activo');
INSERT INTO `weber`.`towns` (`id`, `name`, `department_id`, `shortened`, `status`) VALUES (68327, 'Güepsa', 68, NULL, 'Activo');
INSERT INTO `weber`.`towns` (`id`, `name`, `department_id`, `shortened`, `status`) VALUES (68344, 'Hato', 68, NULL, 'Activo');
INSERT INTO `weber`.`towns` (`id`, `name`, `department_id`, `shortened`, `status`) VALUES (68368, 'Jesús María', 68, NULL, 'Activo');
INSERT INTO `weber`.`towns` (`id`, `name`, `department_id`, `shortened`, `status`) VALUES (68370, 'Jordán', 68, NULL, 'Activo');
INSERT INTO `weber`.`towns` (`id`, `name`, `department_id`, `shortened`, `status`) VALUES (68377, 'La Belleza', 68, NULL, 'Activo');
INSERT INTO `weber`.`towns` (`id`, `name`, `department_id`, `shortened`, `status`) VALUES (68385, 'Landázuri', 68, NULL, 'Activo');
INSERT INTO `weber`.`towns` (`id`, `name`, `department_id`, `shortened`, `status`) VALUES (68397, 'La Paz', 68, NULL, 'Activo');
INSERT INTO `weber`.`towns` (`id`, `name`, `department_id`, `shortened`, `status`) VALUES (68406, 'Lebríja', 68, NULL, 'Activo');
INSERT INTO `weber`.`towns` (`id`, `name`, `department_id`, `shortened`, `status`) VALUES (68418, 'Los Santos', 68, NULL, 'Activo');
INSERT INTO `weber`.`towns` (`id`, `name`, `department_id`, `shortened`, `status`) VALUES (68425, 'Macaravita', 68, NULL, 'Activo');
INSERT INTO `weber`.`towns` (`id`, `name`, `department_id`, `shortened`, `status`) VALUES (68432, 'Málaga', 68, NULL, 'Activo');
INSERT INTO `weber`.`towns` (`id`, `name`, `department_id`, `shortened`, `status`) VALUES (68444, 'Matanza', 68, NULL, 'Activo');
INSERT INTO `weber`.`towns` (`id`, `name`, `department_id`, `shortened`, `status`) VALUES (68464, 'Mogotes', 68, NULL, 'Activo');
INSERT INTO `weber`.`towns` (`id`, `name`, `department_id`, `shortened`, `status`) VALUES (68468, 'Molagavita', 68, NULL, 'Activo');
INSERT INTO `weber`.`towns` (`id`, `name`, `department_id`, `shortened`, `status`) VALUES (68498, 'Ocamonte', 68, NULL, 'Activo');
INSERT INTO `weber`.`towns` (`id`, `name`, `department_id`, `shortened`, `status`) VALUES (68500, 'Oiba', 68, NULL, 'Activo');
INSERT INTO `weber`.`towns` (`id`, `name`, `department_id`, `shortened`, `status`) VALUES (68502, 'Onzaga', 68, NULL, 'Activo');
INSERT INTO `weber`.`towns` (`id`, `name`, `department_id`, `shortened`, `status`) VALUES (68522, 'Palmar', 68, NULL, 'Activo');
INSERT INTO `weber`.`towns` (`id`, `name`, `department_id`, `shortened`, `status`) VALUES (68524, 'Palmas del Socorro', 68, NULL, 'Activo');
INSERT INTO `weber`.`towns` (`id`, `name`, `department_id`, `shortened`, `status`) VALUES (68533, 'Páramo', 68, NULL, 'Activo');
INSERT INTO `weber`.`towns` (`id`, `name`, `department_id`, `shortened`, `status`) VALUES (68547, 'Piedecuesta', 68, NULL, 'Activo');
INSERT INTO `weber`.`towns` (`id`, `name`, `department_id`, `shortened`, `status`) VALUES (68549, 'Pinchote', 68, NULL, 'Activo');
INSERT INTO `weber`.`towns` (`id`, `name`, `department_id`, `shortened`, `status`) VALUES (68572, 'Puente Nacional', 68, NULL, 'Activo');
INSERT INTO `weber`.`towns` (`id`, `name`, `department_id`, `shortened`, `status`) VALUES (68573, 'Puerto Parra', 68, NULL, 'Activo');
INSERT INTO `weber`.`towns` (`id`, `name`, `department_id`, `shortened`, `status`) VALUES (68575, 'Puerto Wilches', 68, NULL, 'Activo');
INSERT INTO `weber`.`towns` (`id`, `name`, `department_id`, `shortened`, `status`) VALUES (68615, 'Rionegro', 68, NULL, 'Activo');
INSERT INTO `weber`.`towns` (`id`, `name`, `department_id`, `shortened`, `status`) VALUES (68655, 'Sabana de Torres', 68, NULL, 'Activo');
INSERT INTO `weber`.`towns` (`id`, `name`, `department_id`, `shortened`, `status`) VALUES (68669, 'San Andrés', 68, NULL, 'Activo');
INSERT INTO `weber`.`towns` (`id`, `name`, `department_id`, `shortened`, `status`) VALUES (68673, 'San Benito', 68, NULL, 'Activo');
INSERT INTO `weber`.`towns` (`id`, `name`, `department_id`, `shortened`, `status`) VALUES (68679, 'San Gil', 68, NULL, 'Activo');
INSERT INTO `weber`.`towns` (`id`, `name`, `department_id`, `shortened`, `status`) VALUES (68682, 'San Joaquín', 68, NULL, 'Activo');
INSERT INTO `weber`.`towns` (`id`, `name`, `department_id`, `shortened`, `status`) VALUES (68684, 'San José de Miranda', 68, NULL, 'Activo');
INSERT INTO `weber`.`towns` (`id`, `name`, `department_id`, `shortened`, `status`) VALUES (68686, 'San Miguel', 68, NULL, 'Activo');
INSERT INTO `weber`.`towns` (`id`, `name`, `department_id`, `shortened`, `status`) VALUES (68689, 'San Vicente de Chucurí', 68, NULL, 'Activo');
INSERT INTO `weber`.`towns` (`id`, `name`, `department_id`, `shortened`, `status`) VALUES (68705, 'Santa Bárbara', 68, NULL, 'Activo');
INSERT INTO `weber`.`towns` (`id`, `name`, `department_id`, `shortened`, `status`) VALUES (68720, 'Santa Helena del Opón', 68, NULL, 'Activo');
INSERT INTO `weber`.`towns` (`id`, `name`, `department_id`, `shortened`, `status`) VALUES (68745, 'Simacota', 68, NULL, 'Activo');
INSERT INTO `weber`.`towns` (`id`, `name`, `department_id`, `shortened`, `status`) VALUES (68755, 'Socorro', 68, NULL, 'Activo');
INSERT INTO `weber`.`towns` (`id`, `name`, `department_id`, `shortened`, `status`) VALUES (68770, 'Suaita', 68, NULL, 'Activo');
INSERT INTO `weber`.`towns` (`id`, `name`, `department_id`, `shortened`, `status`) VALUES (68773, 'Sucre', 68, NULL, 'Activo');
INSERT INTO `weber`.`towns` (`id`, `name`, `department_id`, `shortened`, `status`) VALUES (68780, 'Suratá', 68, NULL, 'Activo');
INSERT INTO `weber`.`towns` (`id`, `name`, `department_id`, `shortened`, `status`) VALUES (68820, 'Tona', 68, NULL, 'Activo');
INSERT INTO `weber`.`towns` (`id`, `name`, `department_id`, `shortened`, `status`) VALUES (68855, 'Valle de San José', 68, NULL, 'Activo');
INSERT INTO `weber`.`towns` (`id`, `name`, `department_id`, `shortened`, `status`) VALUES (68861, 'Vélez', 68, NULL, 'Activo');
INSERT INTO `weber`.`towns` (`id`, `name`, `department_id`, `shortened`, `status`) VALUES (68867, 'Vetas', 68, NULL, 'Activo');
INSERT INTO `weber`.`towns` (`id`, `name`, `department_id`, `shortened`, `status`) VALUES (68872, 'Villanueva', 68, NULL, 'Activo');
INSERT INTO `weber`.`towns` (`id`, `name`, `department_id`, `shortened`, `status`) VALUES (68895, 'Zapatoca', 68, NULL, 'Activo');
INSERT INTO `weber`.`towns` (`id`, `name`, `department_id`, `shortened`, `status`) VALUES (70001, 'Sincelejo', 70, NULL, 'Activo');
INSERT INTO `weber`.`towns` (`id`, `name`, `department_id`, `shortened`, `status`) VALUES (70110, 'Buenavista', 70, NULL, 'Activo');
INSERT INTO `weber`.`towns` (`id`, `name`, `department_id`, `shortened`, `status`) VALUES (70124, 'Caimito', 70, NULL, 'Activo');
INSERT INTO `weber`.`towns` (`id`, `name`, `department_id`, `shortened`, `status`) VALUES (70204, 'Coloso', 70, NULL, 'Activo');
INSERT INTO `weber`.`towns` (`id`, `name`, `department_id`, `shortened`, `status`) VALUES (70215, 'Corozal', 70, NULL, 'Activo');
INSERT INTO `weber`.`towns` (`id`, `name`, `department_id`, `shortened`, `status`) VALUES (70221, 'Coveñas', 70, NULL, 'Activo');
INSERT INTO `weber`.`towns` (`id`, `name`, `department_id`, `shortened`, `status`) VALUES (70230, 'Chalán', 70, NULL, 'Activo');
INSERT INTO `weber`.`towns` (`id`, `name`, `department_id`, `shortened`, `status`) VALUES (70233, 'El Roble', 70, NULL, 'Activo');
INSERT INTO `weber`.`towns` (`id`, `name`, `department_id`, `shortened`, `status`) VALUES (70235, 'Galeras', 70, NULL, 'Activo');
INSERT INTO `weber`.`towns` (`id`, `name`, `department_id`, `shortened`, `status`) VALUES (70265, 'Guaranda', 70, NULL, 'Activo');
INSERT INTO `weber`.`towns` (`id`, `name`, `department_id`, `shortened`, `status`) VALUES (70400, 'La Unión', 70, NULL, 'Activo');
INSERT INTO `weber`.`towns` (`id`, `name`, `department_id`, `shortened`, `status`) VALUES (70418, 'Los Palmitos', 70, NULL, 'Activo');
INSERT INTO `weber`.`towns` (`id`, `name`, `department_id`, `shortened`, `status`) VALUES (70429, 'Majagual', 70, NULL, 'Activo');
INSERT INTO `weber`.`towns` (`id`, `name`, `department_id`, `shortened`, `status`) VALUES (70473, 'Morroa', 70, NULL, 'Activo');
INSERT INTO `weber`.`towns` (`id`, `name`, `department_id`, `shortened`, `status`) VALUES (70508, 'Ovejas', 70, NULL, 'Activo');
INSERT INTO `weber`.`towns` (`id`, `name`, `department_id`, `shortened`, `status`) VALUES (70523, 'Palmito', 70, NULL, 'Activo');
INSERT INTO `weber`.`towns` (`id`, `name`, `department_id`, `shortened`, `status`) VALUES (70670, 'Sampués', 70, NULL, 'Activo');
INSERT INTO `weber`.`towns` (`id`, `name`, `department_id`, `shortened`, `status`) VALUES (70678, 'San Benito Abad', 70, NULL, 'Activo');
INSERT INTO `weber`.`towns` (`id`, `name`, `department_id`, `shortened`, `status`) VALUES (70702, 'San Juan de Betulia', 70, NULL, 'Activo');
INSERT INTO `weber`.`towns` (`id`, `name`, `department_id`, `shortened`, `status`) VALUES (70708, 'San Marcos', 70, NULL, 'Activo');
INSERT INTO `weber`.`towns` (`id`, `name`, `department_id`, `shortened`, `status`) VALUES (70713, 'San Onofre', 70, NULL, 'Activo');
INSERT INTO `weber`.`towns` (`id`, `name`, `department_id`, `shortened`, `status`) VALUES (70717, 'San Pedro', 70, NULL, 'Activo');
INSERT INTO `weber`.`towns` (`id`, `name`, `department_id`, `shortened`, `status`) VALUES (70742, 'San Luis de Sincé', 70, NULL, 'Activo');
INSERT INTO `weber`.`towns` (`id`, `name`, `department_id`, `shortened`, `status`) VALUES (70771, 'Sucre', 70, NULL, 'Activo');
INSERT INTO `weber`.`towns` (`id`, `name`, `department_id`, `shortened`, `status`) VALUES (70820, 'Santiago de Tolú', 70, NULL, 'Activo');
INSERT INTO `weber`.`towns` (`id`, `name`, `department_id`, `shortened`, `status`) VALUES (70823, 'Tolú Viejo', 70, NULL, 'Activo');
INSERT INTO `weber`.`towns` (`id`, `name`, `department_id`, `shortened`, `status`) VALUES (73001, 'Ibagué', 73, NULL, 'Activo');
INSERT INTO `weber`.`towns` (`id`, `name`, `department_id`, `shortened`, `status`) VALUES (73024, 'Alpujarra', 73, NULL, 'Activo');
INSERT INTO `weber`.`towns` (`id`, `name`, `department_id`, `shortened`, `status`) VALUES (73026, 'Alvarado', 73, NULL, 'Activo');
INSERT INTO `weber`.`towns` (`id`, `name`, `department_id`, `shortened`, `status`) VALUES (73030, 'Ambalema', 73, NULL, 'Activo');
INSERT INTO `weber`.`towns` (`id`, `name`, `department_id`, `shortened`, `status`) VALUES (73043, 'Anzoátegui', 73, NULL, 'Activo');
INSERT INTO `weber`.`towns` (`id`, `name`, `department_id`, `shortened`, `status`) VALUES (73055, 'Armero', 73, NULL, 'Activo');
INSERT INTO `weber`.`towns` (`id`, `name`, `department_id`, `shortened`, `status`) VALUES (73067, 'Ataco', 73, NULL, 'Activo');
INSERT INTO `weber`.`towns` (`id`, `name`, `department_id`, `shortened`, `status`) VALUES (73124, 'Cajamarca', 73, NULL, 'Activo');
INSERT INTO `weber`.`towns` (`id`, `name`, `department_id`, `shortened`, `status`) VALUES (73148, 'Carmen de Apicala', 73, NULL, 'Activo');
INSERT INTO `weber`.`towns` (`id`, `name`, `department_id`, `shortened`, `status`) VALUES (73152, 'Casabianca', 73, NULL, 'Activo');
INSERT INTO `weber`.`towns` (`id`, `name`, `department_id`, `shortened`, `status`) VALUES (73168, 'Chaparral', 73, NULL, 'Activo');
INSERT INTO `weber`.`towns` (`id`, `name`, `department_id`, `shortened`, `status`) VALUES (73200, 'Coello', 73, NULL, 'Activo');
INSERT INTO `weber`.`towns` (`id`, `name`, `department_id`, `shortened`, `status`) VALUES (73217, 'Coyaima', 73, NULL, 'Activo');
INSERT INTO `weber`.`towns` (`id`, `name`, `department_id`, `shortened`, `status`) VALUES (73226, 'Cunday', 73, NULL, 'Activo');
INSERT INTO `weber`.`towns` (`id`, `name`, `department_id`, `shortened`, `status`) VALUES (73236, 'Dolores', 73, NULL, 'Activo');
INSERT INTO `weber`.`towns` (`id`, `name`, `department_id`, `shortened`, `status`) VALUES (73268, 'Espinal', 73, NULL, 'Activo');
INSERT INTO `weber`.`towns` (`id`, `name`, `department_id`, `shortened`, `status`) VALUES (73270, 'Falan', 73, NULL, 'Activo');
INSERT INTO `weber`.`towns` (`id`, `name`, `department_id`, `shortened`, `status`) VALUES (73275, 'Flandes', 73, NULL, 'Activo');
INSERT INTO `weber`.`towns` (`id`, `name`, `department_id`, `shortened`, `status`) VALUES (73283, 'Fresno', 73, NULL, 'Activo');
INSERT INTO `weber`.`towns` (`id`, `name`, `department_id`, `shortened`, `status`) VALUES (73319, 'Guamo', 73, NULL, 'Activo');
INSERT INTO `weber`.`towns` (`id`, `name`, `department_id`, `shortened`, `status`) VALUES (73347, 'Herveo', 73, NULL, 'Activo');
INSERT INTO `weber`.`towns` (`id`, `name`, `department_id`, `shortened`, `status`) VALUES (73349, 'Honda', 73, NULL, 'Activo');
INSERT INTO `weber`.`towns` (`id`, `name`, `department_id`, `shortened`, `status`) VALUES (73352, 'Icononzo', 73, NULL, 'Activo');
INSERT INTO `weber`.`towns` (`id`, `name`, `department_id`, `shortened`, `status`) VALUES (73408, 'Lérida', 73, NULL, 'Activo');
INSERT INTO `weber`.`towns` (`id`, `name`, `department_id`, `shortened`, `status`) VALUES (73411, 'Líbano', 73, NULL, 'Activo');
INSERT INTO `weber`.`towns` (`id`, `name`, `department_id`, `shortened`, `status`) VALUES (73443, 'Mariquita', 73, NULL, 'Activo');
INSERT INTO `weber`.`towns` (`id`, `name`, `department_id`, `shortened`, `status`) VALUES (73449, 'Melgar', 73, NULL, 'Activo');
INSERT INTO `weber`.`towns` (`id`, `name`, `department_id`, `shortened`, `status`) VALUES (73461, 'Murillo', 73, NULL, 'Activo');
INSERT INTO `weber`.`towns` (`id`, `name`, `department_id`, `shortened`, `status`) VALUES (73483, 'Natagaima', 73, NULL, 'Activo');
INSERT INTO `weber`.`towns` (`id`, `name`, `department_id`, `shortened`, `status`) VALUES (73504, 'Ortega', 73, NULL, 'Activo');
INSERT INTO `weber`.`towns` (`id`, `name`, `department_id`, `shortened`, `status`) VALUES (73520, 'Palocabildo', 73, NULL, 'Activo');
INSERT INTO `weber`.`towns` (`id`, `name`, `department_id`, `shortened`, `status`) VALUES (73547, 'Piedras', 73, NULL, 'Activo');
INSERT INTO `weber`.`towns` (`id`, `name`, `department_id`, `shortened`, `status`) VALUES (73555, 'Planadas', 73, NULL, 'Activo');
INSERT INTO `weber`.`towns` (`id`, `name`, `department_id`, `shortened`, `status`) VALUES (73563, 'Prado', 73, NULL, 'Activo');
INSERT INTO `weber`.`towns` (`id`, `name`, `department_id`, `shortened`, `status`) VALUES (73585, 'Purificación', 73, NULL, 'Activo');
INSERT INTO `weber`.`towns` (`id`, `name`, `department_id`, `shortened`, `status`) VALUES (73616, 'Rio Blanco', 73, NULL, 'Activo');
INSERT INTO `weber`.`towns` (`id`, `name`, `department_id`, `shortened`, `status`) VALUES (73622, 'Roncesvalles', 73, NULL, 'Activo');
INSERT INTO `weber`.`towns` (`id`, `name`, `department_id`, `shortened`, `status`) VALUES (73624, 'Rovira', 73, NULL, 'Activo');
INSERT INTO `weber`.`towns` (`id`, `name`, `department_id`, `shortened`, `status`) VALUES (73671, 'Saldaña', 73, NULL, 'Activo');
INSERT INTO `weber`.`towns` (`id`, `name`, `department_id`, `shortened`, `status`) VALUES (73675, 'San Antonio', 73, NULL, 'Activo');
INSERT INTO `weber`.`towns` (`id`, `name`, `department_id`, `shortened`, `status`) VALUES (73678, 'San Luis', 73, NULL, 'Activo');
INSERT INTO `weber`.`towns` (`id`, `name`, `department_id`, `shortened`, `status`) VALUES (73686, 'Santa Isabel', 73, NULL, 'Activo');
INSERT INTO `weber`.`towns` (`id`, `name`, `department_id`, `shortened`, `status`) VALUES (73770, 'Suárez', 73, NULL, 'Activo');
INSERT INTO `weber`.`towns` (`id`, `name`, `department_id`, `shortened`, `status`) VALUES (73854, 'Valle de San Juan', 73, NULL, 'Activo');
INSERT INTO `weber`.`towns` (`id`, `name`, `department_id`, `shortened`, `status`) VALUES (73861, 'Venadillo', 73, NULL, 'Activo');
INSERT INTO `weber`.`towns` (`id`, `name`, `department_id`, `shortened`, `status`) VALUES (73870, 'Villahermosa', 73, NULL, 'Activo');
INSERT INTO `weber`.`towns` (`id`, `name`, `department_id`, `shortened`, `status`) VALUES (73873, 'Villarrica', 73, NULL, 'Activo');
INSERT INTO `weber`.`towns` (`id`, `name`, `department_id`, `shortened`, `status`) VALUES (76001, 'Cali', 76, NULL, 'Activo');
INSERT INTO `weber`.`towns` (`id`, `name`, `department_id`, `shortened`, `status`) VALUES (76020, 'Alcalá', 76, NULL, 'Activo');
INSERT INTO `weber`.`towns` (`id`, `name`, `department_id`, `shortened`, `status`) VALUES (76036, 'Andalucía', 76, NULL, 'Activo');
INSERT INTO `weber`.`towns` (`id`, `name`, `department_id`, `shortened`, `status`) VALUES (76041, 'Ansermanuevo', 76, NULL, 'Activo');
INSERT INTO `weber`.`towns` (`id`, `name`, `department_id`, `shortened`, `status`) VALUES (76054, 'Argelia', 76, NULL, 'Activo');
INSERT INTO `weber`.`towns` (`id`, `name`, `department_id`, `shortened`, `status`) VALUES (76100, 'Bolívar', 76, NULL, 'Activo');
INSERT INTO `weber`.`towns` (`id`, `name`, `department_id`, `shortened`, `status`) VALUES (76109, 'Buenaventura', 76, NULL, 'Activo');
INSERT INTO `weber`.`towns` (`id`, `name`, `department_id`, `shortened`, `status`) VALUES (76111, 'Buga', 76, NULL, 'Activo');
INSERT INTO `weber`.`towns` (`id`, `name`, `department_id`, `shortened`, `status`) VALUES (76113, 'Bugalagrande', 76, NULL, 'Activo');
INSERT INTO `weber`.`towns` (`id`, `name`, `department_id`, `shortened`, `status`) VALUES (76122, 'Caicedonia', 76, NULL, 'Activo');
INSERT INTO `weber`.`towns` (`id`, `name`, `department_id`, `shortened`, `status`) VALUES (76126, 'Calima', 76, NULL, 'Activo');
INSERT INTO `weber`.`towns` (`id`, `name`, `department_id`, `shortened`, `status`) VALUES (76130, 'Candelaria', 76, NULL, 'Activo');
INSERT INTO `weber`.`towns` (`id`, `name`, `department_id`, `shortened`, `status`) VALUES (76147, 'Cartago', 76, NULL, 'Activo');
INSERT INTO `weber`.`towns` (`id`, `name`, `department_id`, `shortened`, `status`) VALUES (76233, 'Dagua', 76, NULL, 'Activo');
INSERT INTO `weber`.`towns` (`id`, `name`, `department_id`, `shortened`, `status`) VALUES (76243, 'El Águila', 76, NULL, 'Activo');
INSERT INTO `weber`.`towns` (`id`, `name`, `department_id`, `shortened`, `status`) VALUES (76246, 'El Cairo', 76, NULL, 'Activo');
INSERT INTO `weber`.`towns` (`id`, `name`, `department_id`, `shortened`, `status`) VALUES (76248, 'El Cerrito', 76, NULL, 'Activo');
INSERT INTO `weber`.`towns` (`id`, `name`, `department_id`, `shortened`, `status`) VALUES (76250, 'El Dovio', 76, NULL, 'Activo');
INSERT INTO `weber`.`towns` (`id`, `name`, `department_id`, `shortened`, `status`) VALUES (76275, 'Florida', 76, NULL, 'Activo');
INSERT INTO `weber`.`towns` (`id`, `name`, `department_id`, `shortened`, `status`) VALUES (76306, 'Ginebra', 76, NULL, 'Activo');
INSERT INTO `weber`.`towns` (`id`, `name`, `department_id`, `shortened`, `status`) VALUES (76318, 'Guacarí', 76, NULL, 'Activo');
INSERT INTO `weber`.`towns` (`id`, `name`, `department_id`, `shortened`, `status`) VALUES (76364, 'Jamundí', 76, NULL, 'Activo');
INSERT INTO `weber`.`towns` (`id`, `name`, `department_id`, `shortened`, `status`) VALUES (76377, 'La Cumbre', 76, NULL, 'Activo');
INSERT INTO `weber`.`towns` (`id`, `name`, `department_id`, `shortened`, `status`) VALUES (76400, 'La Unión', 76, NULL, 'Activo');
INSERT INTO `weber`.`towns` (`id`, `name`, `department_id`, `shortened`, `status`) VALUES (76403, 'La Victoria', 76, NULL, 'Activo');
INSERT INTO `weber`.`towns` (`id`, `name`, `department_id`, `shortened`, `status`) VALUES (76497, 'Obando', 76, NULL, 'Activo');
INSERT INTO `weber`.`towns` (`id`, `name`, `department_id`, `shortened`, `status`) VALUES (76520, 'Palmira', 76, NULL, 'Activo');
INSERT INTO `weber`.`towns` (`id`, `name`, `department_id`, `shortened`, `status`) VALUES (76563, 'Pradera', 76, NULL, 'Activo');
INSERT INTO `weber`.`towns` (`id`, `name`, `department_id`, `shortened`, `status`) VALUES (76606, 'Restrepo', 76, NULL, 'Activo');
INSERT INTO `weber`.`towns` (`id`, `name`, `department_id`, `shortened`, `status`) VALUES (76616, 'Riofrío', 76, NULL, 'Activo');
INSERT INTO `weber`.`towns` (`id`, `name`, `department_id`, `shortened`, `status`) VALUES (76622, 'Roldanillo', 76, NULL, 'Activo');
INSERT INTO `weber`.`towns` (`id`, `name`, `department_id`, `shortened`, `status`) VALUES (76670, 'San Pedro', 76, NULL, 'Activo');
INSERT INTO `weber`.`towns` (`id`, `name`, `department_id`, `shortened`, `status`) VALUES (76736, 'Sevilla', 76, NULL, 'Activo');
INSERT INTO `weber`.`towns` (`id`, `name`, `department_id`, `shortened`, `status`) VALUES (76823, 'Toro', 76, NULL, 'Activo');
INSERT INTO `weber`.`towns` (`id`, `name`, `department_id`, `shortened`, `status`) VALUES (76828, 'Trujillo', 76, NULL, 'Activo');
INSERT INTO `weber`.`towns` (`id`, `name`, `department_id`, `shortened`, `status`) VALUES (76834, 'Tuluá', 76, NULL, 'Activo');
INSERT INTO `weber`.`towns` (`id`, `name`, `department_id`, `shortened`, `status`) VALUES (76845, 'Ulloa', 76, NULL, 'Activo');
INSERT INTO `weber`.`towns` (`id`, `name`, `department_id`, `shortened`, `status`) VALUES (76863, 'Versalles', 76, NULL, 'Activo');
INSERT INTO `weber`.`towns` (`id`, `name`, `department_id`, `shortened`, `status`) VALUES (76869, 'Vijes', 76, NULL, 'Activo');
INSERT INTO `weber`.`towns` (`id`, `name`, `department_id`, `shortened`, `status`) VALUES (76890, 'Yotoco', 76, NULL, 'Activo');
INSERT INTO `weber`.`towns` (`id`, `name`, `department_id`, `shortened`, `status`) VALUES (76892, 'Yumbo', 76, NULL, 'Activo');
INSERT INTO `weber`.`towns` (`id`, `name`, `department_id`, `shortened`, `status`) VALUES (76895, 'Zarzal', 76, NULL, 'Activo');
INSERT INTO `weber`.`towns` (`id`, `name`, `department_id`, `shortened`, `status`) VALUES (81001, 'Arauca', 81, NULL, 'Activo');
INSERT INTO `weber`.`towns` (`id`, `name`, `department_id`, `shortened`, `status`) VALUES (81065, 'Arauquita', 81, NULL, 'Activo');
INSERT INTO `weber`.`towns` (`id`, `name`, `department_id`, `shortened`, `status`) VALUES (81220, 'Cravo Norte', 81, NULL, 'Activo');
INSERT INTO `weber`.`towns` (`id`, `name`, `department_id`, `shortened`, `status`) VALUES (81300, 'Fortul', 81, NULL, 'Activo');
INSERT INTO `weber`.`towns` (`id`, `name`, `department_id`, `shortened`, `status`) VALUES (81591, 'Puerto Rondón', 81, NULL, 'Activo');
INSERT INTO `weber`.`towns` (`id`, `name`, `department_id`, `shortened`, `status`) VALUES (81736, 'Saravena', 81, NULL, 'Activo');
INSERT INTO `weber`.`towns` (`id`, `name`, `department_id`, `shortened`, `status`) VALUES (81794, 'Tame', 81, NULL, 'Activo');
INSERT INTO `weber`.`towns` (`id`, `name`, `department_id`, `shortened`, `status`) VALUES (85001, 'Yopal', 85, NULL, 'Activo');
INSERT INTO `weber`.`towns` (`id`, `name`, `department_id`, `shortened`, `status`) VALUES (85010, 'Aguazul', 85, NULL, 'Activo');
INSERT INTO `weber`.`towns` (`id`, `name`, `department_id`, `shortened`, `status`) VALUES (85015, 'Chámeza', 85, NULL, 'Activo');
INSERT INTO `weber`.`towns` (`id`, `name`, `department_id`, `shortened`, `status`) VALUES (85125, 'Hato Corozal', 85, NULL, 'Activo');
INSERT INTO `weber`.`towns` (`id`, `name`, `department_id`, `shortened`, `status`) VALUES (85136, 'La Salina', 85, NULL, 'Activo');
INSERT INTO `weber`.`towns` (`id`, `name`, `department_id`, `shortened`, `status`) VALUES (85139, 'Maní', 85, NULL, 'Activo');
INSERT INTO `weber`.`towns` (`id`, `name`, `department_id`, `shortened`, `status`) VALUES (85162, 'Monterrey', 85, NULL, 'Activo');
INSERT INTO `weber`.`towns` (`id`, `name`, `department_id`, `shortened`, `status`) VALUES (85225, 'Nunchía', 85, NULL, 'Activo');
INSERT INTO `weber`.`towns` (`id`, `name`, `department_id`, `shortened`, `status`) VALUES (85230, 'Orocué', 85, NULL, 'Activo');
INSERT INTO `weber`.`towns` (`id`, `name`, `department_id`, `shortened`, `status`) VALUES (85250, 'Paz de Ariporo', 85, NULL, 'Activo');
INSERT INTO `weber`.`towns` (`id`, `name`, `department_id`, `shortened`, `status`) VALUES (85263, 'Pore', 85, NULL, 'Activo');
INSERT INTO `weber`.`towns` (`id`, `name`, `department_id`, `shortened`, `status`) VALUES (85279, 'Recetor', 85, NULL, 'Activo');
INSERT INTO `weber`.`towns` (`id`, `name`, `department_id`, `shortened`, `status`) VALUES (85300, 'Sabanalarga', 85, NULL, 'Activo');
INSERT INTO `weber`.`towns` (`id`, `name`, `department_id`, `shortened`, `status`) VALUES (85315, 'Sácama', 85, NULL, 'Activo');
INSERT INTO `weber`.`towns` (`id`, `name`, `department_id`, `shortened`, `status`) VALUES (85325, 'San Luis de Gaceno', 85, NULL, 'Activo');
INSERT INTO `weber`.`towns` (`id`, `name`, `department_id`, `shortened`, `status`) VALUES (85400, 'Támara', 85, NULL, 'Activo');
INSERT INTO `weber`.`towns` (`id`, `name`, `department_id`, `shortened`, `status`) VALUES (85410, 'Tauramena', 85, NULL, 'Activo');
INSERT INTO `weber`.`towns` (`id`, `name`, `department_id`, `shortened`, `status`) VALUES (85430, 'Trinidad', 85, NULL, 'Activo');
INSERT INTO `weber`.`towns` (`id`, `name`, `department_id`, `shortened`, `status`) VALUES (85440, 'Villanueva', 85, NULL, 'Activo');
INSERT INTO `weber`.`towns` (`id`, `name`, `department_id`, `shortened`, `status`) VALUES (86001, 'Mocoa', 86, NULL, 'Activo');
INSERT INTO `weber`.`towns` (`id`, `name`, `department_id`, `shortened`, `status`) VALUES (86219, 'Colón', 86, NULL, 'Activo');
INSERT INTO `weber`.`towns` (`id`, `name`, `department_id`, `shortened`, `status`) VALUES (86320, 'Orito', 86, NULL, 'Activo');
INSERT INTO `weber`.`towns` (`id`, `name`, `department_id`, `shortened`, `status`) VALUES (86568, 'Puerto Asís', 86, NULL, 'Activo');
INSERT INTO `weber`.`towns` (`id`, `name`, `department_id`, `shortened`, `status`) VALUES (86569, 'Puerto Caicedo', 86, NULL, 'Activo');
INSERT INTO `weber`.`towns` (`id`, `name`, `department_id`, `shortened`, `status`) VALUES (86571, 'Puerto Guzmán', 86, NULL, 'Activo');
INSERT INTO `weber`.`towns` (`id`, `name`, `department_id`, `shortened`, `status`) VALUES (86573, 'Leguízamo', 86, NULL, 'Activo');
INSERT INTO `weber`.`towns` (`id`, `name`, `department_id`, `shortened`, `status`) VALUES (86749, 'Sibundoy', 86, NULL, 'Activo');
INSERT INTO `weber`.`towns` (`id`, `name`, `department_id`, `shortened`, `status`) VALUES (86755, 'San Francisco', 86, NULL, 'Activo');
INSERT INTO `weber`.`towns` (`id`, `name`, `department_id`, `shortened`, `status`) VALUES (86757, 'San Miguel', 86, NULL, 'Activo');
INSERT INTO `weber`.`towns` (`id`, `name`, `department_id`, `shortened`, `status`) VALUES (86760, 'Santiago', 86, NULL, 'Activo');
INSERT INTO `weber`.`towns` (`id`, `name`, `department_id`, `shortened`, `status`) VALUES (86865, 'Valle de Guamez', 86, NULL, 'Activo');
INSERT INTO `weber`.`towns` (`id`, `name`, `department_id`, `shortened`, `status`) VALUES (86885, 'Villagarzón', 86, NULL, 'Activo');
INSERT INTO `weber`.`towns` (`id`, `name`, `department_id`, `shortened`, `status`) VALUES (88001, 'San Andrés', 88, NULL, 'Activo');
INSERT INTO `weber`.`towns` (`id`, `name`, `department_id`, `shortened`, `status`) VALUES (88564, 'Providencia', 88, NULL, 'Activo');
INSERT INTO `weber`.`towns` (`id`, `name`, `department_id`, `shortened`, `status`) VALUES (91001, 'Leticia', 91, NULL, 'Activo');
INSERT INTO `weber`.`towns` (`id`, `name`, `department_id`, `shortened`, `status`) VALUES (91263, 'El Encanto', 91, NULL, 'Activo');
INSERT INTO `weber`.`towns` (`id`, `name`, `department_id`, `shortened`, `status`) VALUES (91405, 'La Chorrera', 91, NULL, 'Activo');
INSERT INTO `weber`.`towns` (`id`, `name`, `department_id`, `shortened`, `status`) VALUES (91407, 'La Pedrera', 91, NULL, 'Activo');
INSERT INTO `weber`.`towns` (`id`, `name`, `department_id`, `shortened`, `status`) VALUES (91430, 'La Victoria', 91, NULL, 'Activo');
INSERT INTO `weber`.`towns` (`id`, `name`, `department_id`, `shortened`, `status`) VALUES (91460, 'Miriti Paraná', 91, NULL, 'Activo');
INSERT INTO `weber`.`towns` (`id`, `name`, `department_id`, `shortened`, `status`) VALUES (91530, 'Puerto Alegría', 91, NULL, 'Activo');
INSERT INTO `weber`.`towns` (`id`, `name`, `department_id`, `shortened`, `status`) VALUES (91536, 'Puerto Arica', 91, NULL, 'Activo');
INSERT INTO `weber`.`towns` (`id`, `name`, `department_id`, `shortened`, `status`) VALUES (91540, 'Puerto Nariño', 91, NULL, 'Activo');
INSERT INTO `weber`.`towns` (`id`, `name`, `department_id`, `shortened`, `status`) VALUES (91669, 'Puerto Santander', 91, NULL, 'Activo');
INSERT INTO `weber`.`towns` (`id`, `name`, `department_id`, `shortened`, `status`) VALUES (91798, 'Tarapacá', 91, NULL, 'Activo');
INSERT INTO `weber`.`towns` (`id`, `name`, `department_id`, `shortened`, `status`) VALUES (94001, 'Inírida', 94, NULL, 'Activo');
INSERT INTO `weber`.`towns` (`id`, `name`, `department_id`, `shortened`, `status`) VALUES (94343, 'Barranco Minas', 94, NULL, 'Activo');
INSERT INTO `weber`.`towns` (`id`, `name`, `department_id`, `shortened`, `status`) VALUES (94663, 'Mapiripana', 94, NULL, 'Activo');
INSERT INTO `weber`.`towns` (`id`, `name`, `department_id`, `shortened`, `status`) VALUES (94883, 'San Felipe', 94, NULL, 'Activo');
INSERT INTO `weber`.`towns` (`id`, `name`, `department_id`, `shortened`, `status`) VALUES (94884, 'Puerto Colombia', 94, NULL, 'Activo');
INSERT INTO `weber`.`towns` (`id`, `name`, `department_id`, `shortened`, `status`) VALUES (94885, 'La Guadalupe', 94, NULL, 'Activo');
INSERT INTO `weber`.`towns` (`id`, `name`, `department_id`, `shortened`, `status`) VALUES (94886, 'Cacahual', 94, NULL, 'Activo');
INSERT INTO `weber`.`towns` (`id`, `name`, `department_id`, `shortened`, `status`) VALUES (94887, 'Pana Pana', 94, NULL, 'Activo');
INSERT INTO `weber`.`towns` (`id`, `name`, `department_id`, `shortened`, `status`) VALUES (94888, 'Morichal', 94, NULL, 'Activo');
INSERT INTO `weber`.`towns` (`id`, `name`, `department_id`, `shortened`, `status`) VALUES (95001, 'San José del Guaviare', 95, NULL, 'Activo');
INSERT INTO `weber`.`towns` (`id`, `name`, `department_id`, `shortened`, `status`) VALUES (95015, 'Calamar', 95, NULL, 'Activo');
INSERT INTO `weber`.`towns` (`id`, `name`, `department_id`, `shortened`, `status`) VALUES (95025, 'El Retorno', 95, NULL, 'Activo');
INSERT INTO `weber`.`towns` (`id`, `name`, `department_id`, `shortened`, `status`) VALUES (95200, 'Miraflores', 95, NULL, 'Activo');
INSERT INTO `weber`.`towns` (`id`, `name`, `department_id`, `shortened`, `status`) VALUES (97001, 'Mitú', 97, NULL, 'Activo');
INSERT INTO `weber`.`towns` (`id`, `name`, `department_id`, `shortened`, `status`) VALUES (97161, 'Caruru', 97, NULL, 'Activo');
INSERT INTO `weber`.`towns` (`id`, `name`, `department_id`, `shortened`, `status`) VALUES (97511, 'Pacoa', 97, NULL, 'Activo');
INSERT INTO `weber`.`towns` (`id`, `name`, `department_id`, `shortened`, `status`) VALUES (97666, 'Taraira', 97, NULL, 'Activo');
INSERT INTO `weber`.`towns` (`id`, `name`, `department_id`, `shortened`, `status`) VALUES (97777, 'Papunaua', 97, NULL, 'Activo');
INSERT INTO `weber`.`towns` (`id`, `name`, `department_id`, `shortened`, `status`) VALUES (97889, 'Yavaraté', 97, NULL, 'Activo');
INSERT INTO `weber`.`towns` (`id`, `name`, `department_id`, `shortened`, `status`) VALUES (99001, 'Puerto Carreño', 99, NULL, 'Activo');
INSERT INTO `weber`.`towns` (`id`, `name`, `department_id`, `shortened`, `status`) VALUES (99524, 'La Primavera', 99, NULL, 'Activo');
INSERT INTO `weber`.`towns` (`id`, `name`, `department_id`, `shortened`, `status`) VALUES (99624, 'Santa Rosalía', 99, NULL, 'Activo');
INSERT INTO `weber`.`towns` (`id`, `name`, `department_id`, `shortened`, `status`) VALUES (99773, 'Cumaribo', 99, NULL, 'Activo');

COMMIT;


-- -----------------------------------------------------
-- Data for table `weber`.`users`
-- -----------------------------------------------------
START TRANSACTION;
USE `weber`;
INSERT INTO `weber`.`users` (`id`, `name`, `last_name`, `email`, `email_verified_at`, `password`, `photo`, `gender`, `document_type`, `document`, `phone`, `address`, `town_id`, `birth_date`, `role`, `subsidiary_id`, `status`) VALUES (DEFAULT, 'Diego Alonso', 'Ojeda Medina', DEFAULT, NULL, '123456', NULL, NULL, 'C.C', 12312312, 311324325, 'Transveral 27 15 -35', 15759, '1980-03-03', 'Administrador', DEFAULT, 'Activo');
INSERT INTO `weber`.`users` (`id`, `name`, `last_name`, `email`, `email_verified_at`, `password`, `photo`, `gender`, `document_type`, `document`, `phone`, `address`, `town_id`, `birth_date`, `role`, `subsidiary_id`, `status`) VALUES (DEFAULT, 'Juan Pablo', 'Garcia Gonzales', DEFAULT, NULL, NULL, NULL, NULL, 'C.C', 46357159, 3118864151, 'Transveral 27 18-34', 15759, '2000-09-09', 'Cliente', DEFAULT, 'Activo');
INSERT INTO `weber`.`users` (`id`, `name`, `last_name`, `email`, `email_verified_at`, `password`, `photo`, `gender`, `document_type`, `document`, `phone`, `address`, `town_id`, `birth_date`, `role`, `subsidiary_id`, `status`) VALUES (DEFAULT, 'Juan Ricardo', 'Gonzales', DEFAULT, NULL, '123456', NULL, NULL, 'C.C', 18328382, 42534647, 'Cra 27 N 2F - 05', 15759, '1988-07-16', 'Empleado', DEFAULT, 'Activo');
INSERT INTO `weber`.`users` (`id`, `name`, `last_name`, `email`, `email_verified_at`, `password`, `photo`, `gender`, `document_type`, `document`, `phone`, `address`, `town_id`, `birth_date`, `role`, `subsidiary_id`, `status`) VALUES (DEFAULT, 'Luis Miguel', 'Pinto Orjuela', DEFAULT, NULL, '123456', NULL, NULL, 'C.C', 45362718, 31166666, 'Carrera 21 13-89', 15759, '1982-06-15', 'Proveedor', DEFAULT, 'Activo');

COMMIT;


-- -----------------------------------------------------
-- Data for table `weber`.`products`
-- -----------------------------------------------------
START TRANSACTION;
USE `weber`;
INSERT INTO `weber`.`products` (`id`, `name`, `price`, `gain_percentage`, `stock`, `status`) VALUES (1, 'Agua Cristal 250 ML', 1000, 20, 100, 'Activo');

COMMIT;


-- -----------------------------------------------------
-- Data for table `weber`.`categories`
-- -----------------------------------------------------
START TRANSACTION;
USE `weber`;
INSERT INTO `weber`.`categories` (`id`, `name`, `description`, `status`) VALUES (1, 'Bebidas', 'Bebidas como agua, gaseosas o licores', 'Activo');

COMMIT;

